"","Site","DateTime","MeanDischarge","fDOM.QSU","moos.no3.1","nitrateuM"
"520","MOOS",2020-06-20 19:15:00,1037.43696457161,NA,"2020-06-20 19:15:00",26.3566666666667
"521","MOOS",2020-06-20 19:30:00,1039.75774642098,NA,"2020-06-20 19:30:00",26.37
"522","MOOS",2020-06-20 19:45:00,1044.24963841226,NA,"2020-06-20 19:45:00",26.2941666666667
"523","MOOS",2020-06-20 20:00:00,1047.03836194337,NA,"2020-06-20 20:00:00",26.3733333333333
"524","MOOS",2020-06-20 20:15:00,1052.76548071309,NA,"2020-06-20 20:15:00",26.365
"525","MOOS",2020-06-20 20:30:00,1054.48757573259,NA,"2020-06-20 20:30:00",26.3383333333333
"526","MOOS",2020-06-20 20:45:00,1060.06502279482,NA,"2020-06-20 20:45:00",26.2516666666667
"527","MOOS",2020-06-20 21:00:00,1064.55691478611,NA,"2020-06-20 21:00:00",26.2108333333333
"528","MOOS",2020-06-20 21:15:00,1069.36707675167,NA,"2020-06-20 21:15:00",26.22
"529","MOOS",2020-06-20 21:30:00,1076.03007888487,NA,"2020-06-20 21:30:00",26.1658333333333
"530","MOOS",2020-06-20 21:45:00,1082.5434093106,NA,"2020-06-20 21:45:00",26.1725
"531","MOOS",2020-06-20 22:00:00,1088.58879805458,NA,"2020-06-20 22:00:00",26.0858333333333
"532","MOOS",2020-06-20 22:15:00,1095.57007016205,NA,"2020-06-20 22:15:00",26.0291666666667
"533","MOOS",2020-06-20 22:30:00,1104.08591246286,NA,"2020-06-20 22:30:00",25.9825
"534","MOOS",2020-06-20 22:45:00,1110.91751286287,NA,"2020-06-20 22:45:00",25.9941666666667
"535","MOOS",2020-06-20 23:00:00,1118.98434004129,NA,"2020-06-20 23:00:00",25.9508333333333
"536","MOOS",2020-06-20 23:15:00,1128.28639399813,NA,"2020-06-20 23:15:00",25.8691666666667
"537","MOOS",2020-06-20 23:30:00,1136.35322117657,NA,"2020-06-20 23:30:00",25.8325
"538","MOOS",2020-06-20 23:45:00,1145.65527513341,NA,"2020-06-20 23:45:00",25.7333333333333
"539","MOOS",2020-06-21 00:00:00,1152.78621894834,NA,"2020-06-21 00:00:00",25.7641666666667
"540","MOOS",2020-06-21 00:15:00,1194.973031384,NA,"2020-06-21 00:15:00",25.6833333333333
"541","MOOS",2020-06-21 00:30:00,1204.33186501884,NA,"2020-06-21 00:30:00",25.605
"542","MOOS",2020-06-21 00:45:00,1211.81893192677,NA,"2020-06-21 00:45:00",25.545
"543","MOOS",2020-06-21 01:00:00,1217.43423210771,NA,"2020-06-21 01:00:00",25.4583333333333
"544","MOOS",2020-06-21 01:15:00,1221.17776556165,NA,"2020-06-21 01:15:00",25.418
"545","MOOS",2020-06-21 01:30:00,1227.72894910607,NA,"2020-06-21 01:30:00",25.385
"546","MOOS",2020-06-21 01:45:00,1235.21601601396,NA,"2020-06-21 01:45:00",25.2975
"547","MOOS",2020-06-21 02:00:00,1239.89543283143,NA,"2020-06-21 02:00:00",25.1725
"548","MOOS",2020-06-21 02:15:00,1245.51073301234,NA,"2020-06-21 02:15:00",25.1975
"549","MOOS",2020-06-21 02:30:00,1252.06191655676,NA,"2020-06-21 02:30:00",25.1675
"550","MOOS",2020-06-21 02:45:00,1260.48486682816,NA,"2020-06-21 02:45:00",25.08
"551","MOOS",2020-06-21 03:00:00,1266.10016700911,NA,"2020-06-21 03:00:00",24.9875
"552","MOOS",2020-06-21 03:15:00,1273.587233917,NA,"2020-06-21 03:15:00",24.95
"553","MOOS",2020-06-21 03:30:00,1280.13841746139,NA,"2020-06-21 03:30:00",24.845
"554","MOOS",2020-06-21 03:45:00,1286.68960100584,NA,"2020-06-21 03:45:00",24.93
"555","MOOS",2020-06-21 04:00:00,1294.17666791374,NA,"2020-06-21 04:00:00",25.0125
"556","MOOS",2020-06-21 04:15:00,1302.59961818514,NA,"2020-06-21 04:15:00",24.9775
"557","MOOS",2020-06-21 04:30:00,1310.08668509303,NA,"2020-06-21 04:30:00",24.8775
"558","MOOS",2020-06-21 04:45:00,1318.50963536446,NA,"2020-06-21 04:45:00",24.8325
"559","MOOS",2020-06-21 05:00:00,1326.93258563583,NA,"2020-06-21 05:00:00",25.03
"560","MOOS",2020-06-21 05:15:00,1338.16318599769,NA,"2020-06-21 05:15:00",25.11
"561","MOOS",2020-06-21 05:30:00,1351.26555308653,NA,"2020-06-21 05:30:00",25.5225
"562","MOOS",2020-06-21 05:45:00,1367.17557026586,NA,"2020-06-21 05:45:00",26.1625
"563","MOOS",2020-06-21 06:00:00,1384.95735417213,NA,"2020-06-21 06:00:00",25.375
"564","MOOS",2020-06-21 06:15:00,1401.80325471491,NA,"2020-06-21 06:15:00",27.3425
"565","MOOS",2020-06-21 06:30:00,1422.39268871167,NA,"2020-06-21 06:30:00",33.265
"566","MOOS",2020-06-21 06:45:00,1443.91800607188,NA,"2020-06-21 06:45:00",17.56
"567","MOOS",2020-06-21 07:00:00,1465.44332343212,NA,"2020-06-21 07:00:00",17.5
"568","MOOS",2020-06-21 07:15:00,1489.77629088282,NA,"2020-06-21 07:15:00",17.34
"569","MOOS",2020-06-21 07:30:00,1516.91690842397,NA,"2020-06-21 07:30:00",17.1675
"570","MOOS",2020-06-21 07:45:00,1544.99340932863,NA,"2020-06-21 07:45:00",17.185
"571","MOOS",2020-06-21 08:00:00,1574.00579359676,NA,"2020-06-21 08:00:00",17.1025
"572","MOOS",2020-06-21 08:15:00,1604.88994459188,NA,"2020-06-21 08:15:00",18.0425
"573","MOOS",2020-06-21 08:30:00,1638.58174567745,NA,"2020-06-21 08:30:00",21.4
"574","MOOS",2020-06-21 08:45:00,1670.40178003607,NA,"2020-06-21 08:45:00",39.2475
"575","MOOS",2020-06-21 09:00:00,1704.09358112165,NA,"2020-06-21 09:00:00",-1
"576","MOOS",2020-06-21 09:15:00,1738.72126557073,NA,"2020-06-21 09:15:00",-1
"577","MOOS",2020-06-21 09:30:00,1773.3489500198,NA,"2020-06-21 09:30:00",-1
"578","MOOS",2020-06-21 09:45:00,1808.91251783233,NA,"2020-06-21 09:45:00",-1
"579","MOOS",2020-06-21 10:00:00,1842.60431891793,NA,"2020-06-21 10:00:00",-1
"580","MOOS",2020-06-21 10:15:00,1876.29612000351,NA,"2020-06-21 10:15:00",-1
"581","MOOS",2020-06-21 10:30:00,1911.85968781606,NA,"2020-06-21 10:30:00",-1
"582","MOOS",2020-06-21 10:45:00,1946.48737226514,NA,"2020-06-21 10:45:00",-1
"583","MOOS",2020-06-21 11:00:00,1979.24328998724,NA,"2020-06-21 11:00:00",-1
"584","MOOS",2020-06-21 11:15:00,2015.74274116327,NA,"2020-06-21 11:15:00",-1
"585","MOOS",2020-06-21 11:30:00,2045.69100879491,NA,"2020-06-21 11:30:00",-1
"586","MOOS",2020-06-21 11:45:00,2077.5110431535,NA,"2020-06-21 11:45:00",-1
"587","MOOS",2020-06-21 12:00:00,2109.33107751212,NA,"2020-06-21 12:00:00",-1
"588","MOOS",2020-06-21 12:15:00,2139.27934514373,NA,"2020-06-21 12:15:00",-1
"589","MOOS",2020-06-21 12:30:00,2191.68881349912,NA,"2020-06-21 12:30:00",-1
"590","MOOS",2020-06-21 12:45:00,2176.71467968327,NA,"2020-06-21 12:45:00",-1
"591","MOOS",2020-06-21 13:00:00,2214.15001422283,NA,"2020-06-21 13:00:00",-1
"592","MOOS",2020-06-21 13:15:00,2252.52123212584,NA,"2020-06-21 13:15:00",-1
"593","MOOS",2020-06-21 13:30:00,2227.25238131164,NA,"2020-06-21 13:30:00",-1
"594","MOOS",2020-06-21 13:45:00,2276.85419957654,NA,"2020-06-21 13:45:00",-1
"595","MOOS",2020-06-21 14:00:00,2296.5077502098,NA,"2020-06-21 14:00:00",-1
"596","MOOS",2020-06-21 14:15:00,2318.03306757004,NA,"2020-06-21 14:15:00",-1
"597","MOOS",2020-06-21 14:30:00,2338.62250156677,NA,"2020-06-21 14:30:00",-1
"598","MOOS",2020-06-21 14:45:00,2368.57076919841,NA,"2020-06-21 14:45:00",-1
"599","MOOS",2020-06-21 15:00:00,2366.6990024714,NA,"2020-06-21 15:00:00",-1
"600","MOOS",2020-06-21 15:15:00,2398.51903683002,NA,"2020-06-21 15:15:00",-1
"601","MOOS",2020-06-21 15:30:00,2414.42905400935,NA,"2020-06-21 15:30:00",-1
"602","MOOS",2020-06-21 15:45:00,2427.53142109816,NA,"2020-06-21 15:45:00",-1
"603","MOOS",2020-06-21 16:00:00,2430.33907118865,NA,"2020-06-21 16:00:00",-1
"604","MOOS",2020-06-21 16:15:00,2464.96675563772,NA,"2020-06-21 16:15:00",-1
"605","MOOS",2020-06-21 16:30:00,2484.62030627095,NA,"2020-06-21 16:30:00",-1
"606","MOOS",2020-06-21 16:45:00,2508.01739035817,NA,"2020-06-21 16:45:00",-1
"607","MOOS",2020-06-21 17:00:00,2506.14562363119,NA,"2020-06-21 17:00:00",-1
"608","MOOS",2020-06-21 17:15:00,2508.01739035817,NA,"2020-06-21 17:15:00",-1
"609","MOOS",2020-06-21 17:30:00,2542.64507480725,NA,"2020-06-21 17:30:00",-1
"610","MOOS",2020-06-21 17:45:00,2538.90154135326,NA,"2020-06-21 17:45:00",-1
"611","MOOS",2020-06-21 18:00:00,2569.78569234841,NA,"2020-06-21 18:00:00",-1
"612","MOOS",2020-06-21 18:15:00,2569.78569234841,NA,"2020-06-21 18:15:00",-1
"613","MOOS",2020-06-21 18:30:00,2589.43924298164,NA,"2020-06-21 18:30:00",-1
"614","MOOS",2020-06-21 18:45:00,2614.70809379584,NA,"2020-06-21 18:45:00",-1
"615","MOOS",2020-06-21 19:00:00,2596.92630988956,NA,"2020-06-21 19:00:00",-1
"616","MOOS",2020-06-21 19:15:00,2608.15691025142,NA,"2020-06-21 19:15:00",-1
"617","MOOS",2020-06-21 19:30:00,2639.97694461001,NA,"2020-06-21 19:30:00",-1
"618","MOOS",2020-06-21 19:45:00,2647.46401151794,NA,"2020-06-21 19:45:00",-1
"619","MOOS",2020-06-21 20:00:00,2647.46401151794,NA,"2020-06-21 20:00:00",-1
"620","MOOS",2020-06-21 20:15:00,2648.39989488144,NA,"2020-06-21 20:15:00",-1
"621","MOOS",2020-06-21 20:30:00,2648.39989488144,NA,"2020-06-21 20:30:00",-1
"622","MOOS",2020-06-21 20:45:00,2666.18167878772,NA,"2020-06-21 20:45:00",-1
"623","MOOS",2020-06-21 21:00:00,2662.43814533376,NA,"2020-06-21 21:00:00",-1
"624","MOOS",2020-06-21 21:15:00,2672.73286233211,NA,"2020-06-21 21:15:00",-1
"625","MOOS",2020-06-21 21:30:00,2676.47639578607,NA,"2020-06-21 21:30:00",-1
"626","MOOS",2020-06-21 21:45:00,2686.77111278445,NA,"2020-06-21 21:45:00",-1
"627","MOOS",2020-06-21 22:00:00,2705.48878005423,NA,"2020-06-21 22:00:00",-1
"628","MOOS",2020-06-21 22:15:00,2682.09169596701,NA,"2020-06-21 22:15:00",-1
"629","MOOS",2020-06-21 22:30:00,2712.97584696213,NA,"2020-06-21 22:30:00",-1
"630","MOOS",2020-06-21 22:45:00,2704.55289669073,NA,"2020-06-21 22:45:00",-1
"631","MOOS",2020-06-21 23:00:00,2712.03996359863,NA,"2020-06-21 23:00:00",-1
"632","MOOS",2020-06-21 23:15:00,2705.48878005423,NA,"2020-06-21 23:15:00",-1
"633","MOOS",2020-06-21 23:30:00,2714.84761368911,NA,"2020-06-21 23:30:00",-1
"634","MOOS",2020-06-21 23:45:00,2723.27056396048,NA,"2020-06-21 23:45:00",-1
"635","MOOS",2020-06-22 00:00:00,2741.98823123027,NA,"2020-06-22 00:00:00",-1
"636","MOOS",2020-06-22 00:15:00,2720.46291387003,NA,"2020-06-22 00:15:00",-1
"637","MOOS",2020-06-22 00:30:00,2733.56528095886,NA,"2020-06-22 00:30:00",-1
"638","MOOS",2020-06-22 00:45:00,2737.30881441283,NA,"2020-06-22 00:45:00",-1
"639","MOOS",2020-06-22 01:00:00,2724.20644732399,NA,"2020-06-22 01:00:00",-1
"640","MOOS",2020-06-22 01:15:00,2732.62939759539,NA,"2020-06-22 01:15:00",-1
"641","MOOS",2020-06-22 01:30:00,2727.01409741445,NA,"2020-06-22 01:30:00",-1
"642","MOOS",2020-06-22 01:45:00,2735.43704768585,NA,"2020-06-22 01:45:00",-1
"643","MOOS",2020-06-22 02:00:00,2740.11646450328,NA,"2020-06-22 02:00:00",-1
"644","MOOS",2020-06-22 02:15:00,2731.69351423188,NA,"2020-06-22 02:15:00",-1
"645","MOOS",2020-06-22 02:30:00,2727.01409741445,NA,"2020-06-22 02:30:00",-1
"646","MOOS",2020-06-22 02:45:00,2739.18058113978,NA,"2020-06-22 02:45:00",-1
"647","MOOS",2020-06-22 03:00:00,2718.59114714304,NA,"2020-06-22 03:00:00",-1
"648","MOOS",2020-06-22 03:15:00,2718.59114714304,NA,"2020-06-22 03:15:00",-1
"649","MOOS",2020-06-22 03:30:00,2720.46291387003,NA,"2020-06-22 03:30:00",-1
"650","MOOS",2020-06-22 03:45:00,2709.23231350817,NA,"2020-06-22 03:45:00",-1
"651","MOOS",2020-06-22 04:00:00,2722.33468059701,NA,"2020-06-22 04:00:00",-1
"652","MOOS",2020-06-22 04:15:00,2697.06582978283,NA,"2020-06-22 04:15:00",-1
"653","MOOS",2020-06-22 04:30:00,2696.12994641933,NA,"2020-06-22 04:30:00",-1
"654","MOOS",2020-06-22 04:45:00,2695.19406305582,NA,"2020-06-22 04:45:00",-1
"655","MOOS",2020-06-22 05:00:00,2703.61701332725,NA,"2020-06-22 05:00:00",-1
"656","MOOS",2020-06-22 05:15:00,2694.25817969238,NA,"2020-06-22 05:15:00",-1
"657","MOOS",2020-06-22 05:30:00,2692.3864129654,NA,"2020-06-22 05:30:00",-1
"658","MOOS",2020-06-22 05:45:00,2679.28404587653,NA,"2020-06-22 05:45:00",-1
"659","MOOS",2020-06-22 06:00:00,2698.00171314631,NA,"2020-06-22 06:00:00",-1
"660","MOOS",2020-06-22 06:15:00,2692.3864129654,NA,"2020-06-22 06:15:00",-1
"661","MOOS",2020-06-22 06:30:00,2692.3864129654,NA,"2020-06-22 06:30:00",-1
"662","MOOS",2020-06-22 06:45:00,2663.37402869723,NA,"2020-06-22 06:45:00",-1
"663","MOOS",2020-06-22 07:00:00,2668.98932887818,NA,"2020-06-22 07:00:00",-1
"664","MOOS",2020-06-22 07:15:00,2658.69461187979,NA,"2020-06-22 07:15:00",-1
"665","MOOS",2020-06-22 07:30:00,2673.66874569561,NA,"2020-06-22 07:30:00",-1
"666","MOOS",2020-06-22 07:45:00,2660.56637860677,NA,"2020-06-22 07:45:00",-1
"667","MOOS",2020-06-22 08:00:00,2647.46401151794,NA,"2020-06-22 08:00:00",-1
"668","MOOS",2020-06-22 08:15:00,2647.46401151794,NA,"2020-06-22 08:15:00",-1
"669","MOOS",2020-06-22 08:30:00,2654.95107842586,NA,"2020-06-22 08:30:00",-1
"670","MOOS",2020-06-22 08:45:00,2645.59224479095,NA,"2020-06-22 08:45:00",-1
"671","MOOS",2020-06-22 09:00:00,2650.27166160839,NA,"2020-06-22 09:00:00",-1
"672","MOOS",2020-06-22 09:15:00,2625.00281079422,NA,"2020-06-22 09:15:00",-1
"673","MOOS",2020-06-22 09:30:00,2638.10517788306,NA,"2020-06-22 09:30:00",-1
"674","MOOS",2020-06-22 09:45:00,2622.19516070373,NA,"2020-06-22 09:45:00",-1
"675","MOOS",2020-06-22 10:00:00,2628.74634424815,NA,"2020-06-22 10:00:00",-1
"676","MOOS",2020-06-22 10:15:00,2642.7845947005,NA,"2020-06-22 10:15:00",-1
"677","MOOS",2020-06-22 10:30:00,2632.48987770214,NA,"2020-06-22 10:30:00",-1
"678","MOOS",2020-06-22 10:45:00,2618.4516272498,NA,"2020-06-22 10:45:00",-1
"679","MOOS",2020-06-22 11:00:00,2618.4516272498,NA,"2020-06-22 11:00:00",-1
"680","MOOS",2020-06-22 11:15:00,2609.09279361492,NA,"2020-06-22 11:15:00",-1
"681","MOOS",2020-06-22 11:30:00,2620.32339397678,NA,"2020-06-22 11:30:00",-1
"682","MOOS",2020-06-22 11:45:00,2625.9386941577,NA,"2020-06-22 11:45:00",-1
"683","MOOS",2020-06-22 12:00:00,2605.34926016096,NA,"2020-06-22 12:00:00",-1
"684","MOOS",2020-06-22 12:15:00,2607.22102688794,NA,"2020-06-22 12:15:00",-1
"685","MOOS",2020-06-22 12:30:00,2589.43924298164,NA,"2020-06-22 12:30:00",-1
"686","MOOS",2020-06-22 12:45:00,2604.41337679749,NA,"2020-06-22 12:45:00",-1
"687","MOOS",2020-06-22 13:00:00,2612.83632706886,NA,"2020-06-22 13:00:00",-1
"688","MOOS",2020-06-22 13:15:00,2597.86219325307,NA,"2020-06-22 13:15:00",-1
"689","MOOS",2020-06-22 13:30:00,2607.22102688794,NA,"2020-06-22 13:30:00",-1
"690","MOOS",2020-06-22 13:45:00,2591.31100970865,NA,"2020-06-22 13:45:00",-1
"691","MOOS",2020-06-22 14:00:00,2587.56747625468,NA,"2020-06-22 14:00:00",-1
"692","MOOS",2020-06-22 14:15:00,2595.99042652608,NA,"2020-06-22 14:15:00",-1
"693","MOOS",2020-06-22 14:30:00,2587.56747625468,NA,"2020-06-22 14:30:00",-1
"694","MOOS",2020-06-22 14:45:00,2566.97804225792,NA,"2020-06-22 14:45:00",-1
"695","MOOS",2020-06-22 15:00:00,2582.88805943725,NA,"2020-06-22 15:00:00",-1
"696","MOOS",2020-06-22 15:15:00,2583.82394280072,NA,"2020-06-22 15:15:00",-1
"697","MOOS",2020-06-22 15:30:00,2581.95217607377,NA,"2020-06-22 15:30:00",-1
"698","MOOS",2020-06-22 15:45:00,2564.17039216746,NA,"2020-06-22 15:45:00",-1
"699","MOOS",2020-06-22 16:00:00,2566.97804225792,NA,"2020-06-22 16:00:00",-1
"700","MOOS",2020-06-22 16:15:00,2579.14452598328,NA,"2020-06-22 16:15:00",-1
"701","MOOS",2020-06-22 16:30:00,2559.49097535003,NA,"2020-06-22 16:30:00",-1
"702","MOOS",2020-06-22 16:45:00,2558.55509198655,NA,"2020-06-22 16:45:00",-1
"703","MOOS",2020-06-22 17:00:00,2576.33687589283,NA,"2020-06-22 17:00:00",-1
"704","MOOS",2020-06-22 17:15:00,2552.93979180561,NA,"2020-06-22 17:15:00",-1
"705","MOOS",2020-06-22 17:30:00,2573.52922580234,NA,"2020-06-22 17:30:00",-1
"706","MOOS",2020-06-22 17:45:00,2564.17039216746,NA,"2020-06-22 17:45:00",-1
"707","MOOS",2020-06-22 18:00:00,2561.36274207701,NA,"2020-06-22 18:00:00",-1
"708","MOOS",2020-06-22 18:15:00,2571.65745907539,NA,"2020-06-22 18:15:00",-1
"709","MOOS",2020-06-22 18:30:00,2559.49097535003,NA,"2020-06-22 18:30:00",-1
"710","MOOS",2020-06-22 18:45:00,2562.29862544048,NA,"2020-06-22 18:45:00",-1
"711","MOOS",2020-06-22 19:00:00,2577.27275925633,NA,"2020-06-22 19:00:00",-1
"712","MOOS",2020-06-22 19:15:00,2566.04215889447,NA,"2020-06-22 19:15:00",-1
"713","MOOS",2020-06-22 19:30:00,2582.88805943725,NA,"2020-06-22 19:30:00",-1
"714","MOOS",2020-06-22 19:45:00,2556.68332525957,NA,"2020-06-22 19:45:00",-1
"715","MOOS",2020-06-22 20:00:00,2553.87567516911,NA,"2020-06-22 20:00:00",-1
"716","MOOS",2020-06-22 20:15:00,2572.59334243886,NA,"2020-06-22 20:15:00",-1
"717","MOOS",2020-06-22 20:30:00,2565.10627553097,NA,"2020-06-22 20:30:00",-1
"718","MOOS",2020-06-22 20:45:00,2563.23450880399,NA,"2020-06-22 20:45:00",-1
"719","MOOS",2020-06-22 21:00:00,2560.42685871353,NA,"2020-06-22 21:00:00",-1
"720","MOOS",2020-06-22 21:15:00,2557.61920862304,NA,"2020-06-22 21:15:00",-1
"721","MOOS",2020-06-22 21:30:00,2557.61920862304,NA,"2020-06-22 21:30:00",-1
"722","MOOS",2020-06-22 21:45:00,2560.42685871353,NA,"2020-06-22 21:45:00",-1
"723","MOOS",2020-06-22 22:00:00,2567.91392562143,NA,"2020-06-22 22:00:00",-1
"724","MOOS",2020-06-22 22:15:00,2560.42685871353,NA,"2020-06-22 22:15:00",-1
"725","MOOS",2020-06-22 22:30:00,2570.72157571191,NA,"2020-06-22 22:30:00",-1
"726","MOOS",2020-06-22 22:45:00,2573.52922580234,NA,"2020-06-22 22:45:00",-1
"727","MOOS",2020-06-22 23:00:00,2568.8498089849,NA,"2020-06-22 23:00:00",-1
"728","MOOS",2020-06-22 23:15:00,2571.65745907539,NA,"2020-06-22 23:15:00",-1
"729","MOOS",2020-06-22 23:30:00,2583.82394280072,NA,"2020-06-22 23:30:00",-1
"730","MOOS",2020-06-22 23:45:00,2555.74744189606,NA,"2020-06-22 23:45:00",-1
"731","MOOS",2020-06-23 00:00:00,2574.46510916585,NA,"2020-06-23 00:00:00",-1
"732","MOOS",2020-06-23 00:15:00,2566.97804225792,NA,"2020-06-23 00:15:00",-1
"733","MOOS",2020-06-23 00:30:00,2554.81155853259,NA,"2020-06-23 00:30:00",-1
"734","MOOS",2020-06-23 00:45:00,2574.46510916585,NA,"2020-06-23 00:45:00",-1
"735","MOOS",2020-06-23 01:00:00,2559.49097535003,NA,"2020-06-23 01:00:00",-1
"736","MOOS",2020-06-23 01:15:00,2568.8498089849,NA,"2020-06-23 01:15:00",-1
"737","MOOS",2020-06-23 01:30:00,2562.29862544048,NA,"2020-06-23 01:30:00",-1
"738","MOOS",2020-06-23 01:45:00,2572.59334243886,NA,"2020-06-23 01:45:00",-1
"739","MOOS",2020-06-23 02:00:00,2571.65745907539,NA,"2020-06-23 02:00:00",-1
"740","MOOS",2020-06-23 02:15:00,2568.8498089849,NA,"2020-06-23 02:15:00",-1
"741","MOOS",2020-06-23 02:30:00,2579.14452598328,NA,"2020-06-23 02:30:00",-1
"742","MOOS",2020-06-23 02:45:00,2567.91392562143,NA,"2020-06-23 02:45:00",-1
"743","MOOS",2020-06-23 03:00:00,2560.42685871353,NA,"2020-06-23 03:00:00",-1
"744","MOOS",2020-06-23 03:15:00,2542.64507480725,NA,"2020-06-23 03:15:00",-1
"745","MOOS",2020-06-23 03:30:00,2555.74744189606,NA,"2020-06-23 03:30:00",-1
"746","MOOS",2020-06-23 03:45:00,2547.32449162469,NA,"2020-06-23 03:45:00",-1
"747","MOOS",2020-06-23 04:00:00,2551.06802507862,NA,"2020-06-23 04:00:00",-1
"748","MOOS",2020-06-23 04:15:00,2557.61920862304,NA,"2020-06-23 04:15:00",-1
"749","MOOS",2020-06-23 04:30:00,2536.09389126283,NA,"2020-06-23 04:30:00",-1
"750","MOOS",2020-06-23 04:45:00,2561.36274207701,NA,"2020-06-23 04:45:00",-1
"751","MOOS",2020-06-23 05:00:00,2562.29862544048,NA,"2020-06-23 05:00:00",-1
"752","MOOS",2020-06-23 05:15:00,2552.00390844213,NA,"2020-06-23 05:15:00",-1
"753","MOOS",2020-06-23 05:30:00,2533.28624117235,NA,"2020-06-23 05:30:00",-1
"754","MOOS",2020-06-23 05:45:00,2542.64507480725,NA,"2020-06-23 05:45:00",-1
"755","MOOS",2020-06-23 06:00:00,2541.70919144375,NA,"2020-06-23 06:00:00",-1
"756","MOOS",2020-06-23 06:15:00,2524.86329090098,NA,"2020-06-23 06:15:00",-1
"757","MOOS",2020-06-23 06:30:00,2534.22212453582,NA,"2020-06-23 06:30:00",-1
"758","MOOS",2020-06-23 06:45:00,2536.09389126283,NA,"2020-06-23 06:45:00",-1
"759","MOOS",2020-06-23 07:00:00,2524.86329090098,NA,"2020-06-23 07:00:00",-1
"760","MOOS",2020-06-23 07:15:00,2526.73505762796,NA,"2020-06-23 07:15:00",-1
"761","MOOS",2020-06-23 07:30:00,2528.60682435491,NA,"2020-06-23 07:30:00",0.875833333333333
"762","MOOS",2020-06-23 07:45:00,2515.5044572661,NA,"2020-06-23 07:45:00",0.63201646090535
"763","MOOS",2020-06-23 08:00:00,2526.73505762796,NA,NA,NA
"764","MOOS",2020-06-23 08:15:00,2507.08150699467,NA,"2020-06-23 08:15:00",0.203636363636364
"765","MOOS",2020-06-23 08:30:00,2521.11975744701,NA,"2020-06-23 08:30:00",-1
"766","MOOS",2020-06-23 08:45:00,2502.40209017723,NA,"2020-06-23 08:45:00",-1
"767","MOOS",2020-06-23 09:00:00,2508.01739035817,NA,"2020-06-23 09:00:00",-1
"768","MOOS",2020-06-23 09:15:00,2477.13323936306,NA,"2020-06-23 09:15:00",-1
"769","MOOS",2020-06-23 09:30:00,2502.40209017723,NA,"2020-06-23 09:30:00",-1
"770","MOOS",2020-06-23 09:45:00,2501.46620681375,NA,"2020-06-23 09:45:00",-1
"771","MOOS",2020-06-23 10:00:00,2478.06912272653,NA,"2020-06-23 10:00:00",-1
"772","MOOS",2020-06-23 10:15:00,2474.3255892726,NA,"2020-06-23 10:15:00",-1
"773","MOOS",2020-06-23 10:30:00,2481.8126561805,NA,"2020-06-23 10:30:00",-1
"774","MOOS",2020-06-23 10:45:00,2476.19735599958,NA,"2020-06-23 10:45:00",-1
"775","MOOS",2020-06-23 11:00:00,2463.09498891071,NA,"2020-06-23 11:00:00",-1
"776","MOOS",2020-06-23 11:15:00,2477.13323936306,NA,"2020-06-23 11:15:00",-1
"777","MOOS",2020-06-23 11:30:00,2456.54380536629,NA,"2020-06-23 11:30:00",-1
"778","MOOS",2020-06-23 11:45:00,2445.31320500444,NA,"2020-06-23 11:45:00",-1
"779","MOOS",2020-06-23 12:00:00,2460.28733882029,NA,"2020-06-23 12:00:00",-1
"780","MOOS",2020-06-23 12:15:00,2452.80027191236,NA,"2020-06-23 12:15:00",-1
"781","MOOS",2020-06-23 12:30:00,2448.12085509492,NA,"2020-06-23 12:30:00",-1
"782","MOOS",2020-06-23 12:45:00,2434.08260464258,NA,"2020-06-23 12:45:00",-1
"783","MOOS",2020-06-23 13:00:00,2438.76202146002,NA,"2020-06-23 13:00:00",-1
"784","MOOS",2020-06-23 13:15:00,2427.53142109816,NA,"2020-06-23 13:15:00",-1
"785","MOOS",2020-06-23 13:30:00,2424.7237710077,NA,"2020-06-23 13:30:00",-1
"786","MOOS",2020-06-23 13:45:00,2408.81375382841,NA,"2020-06-23 13:45:00",-1
"787","MOOS",2020-06-23 14:00:00,2411.62140391886,NA,"2020-06-23 14:00:00",-1
"788","MOOS",2020-06-23 14:15:00,2411.62140391886,NA,"2020-06-23 14:15:00",-1
"789","MOOS",2020-06-23 14:30:00,2388.22431983164,NA,"2020-06-23 14:30:00",-1
"790","MOOS",2020-06-23 14:45:00,2391.96785328561,NA,"2020-06-23 14:45:00",13.96
"791","MOOS",2020-06-23 15:00:00,2395.71138673957,NA,"2020-06-23 15:00:00",32.7325
"792","MOOS",2020-06-23 15:15:00,2389.16020319515,NA,"2020-06-23 15:15:00",42.82
"793","MOOS",2020-06-23 15:30:00,2371.37841928887,NA,"2020-06-23 15:30:00",45.125
"794","MOOS",2020-06-23 15:45:00,2373.25018601585,3.58272727272727,"2020-06-23 15:45:00",37.7
"795","MOOS",2020-06-23 16:00:00,2376.99371946978,3.53,"2020-06-23 16:00:00",35.4375
"796","MOOS",2020-06-23 16:15:00,2359.21193556354,3.47,"2020-06-23 16:15:00",44.78
"797","MOOS",2020-06-23 16:30:00,2352.66075201909,55.1109090909091,"2020-06-23 16:30:00",27.495
"798","MOOS",2020-06-23 16:45:00,2363.89135238098,56.9381818181818,"2020-06-23 16:45:00",25.7375
"799","MOOS",2020-06-23 17:00:00,2365.76311910796,56.7845454545455,"2020-06-23 17:00:00",25.4425
"800","MOOS",2020-06-23 17:15:00,2354.5325187461,56.9290909090909,"2020-06-23 17:15:00",20.1825
"801","MOOS",2020-06-23 17:30:00,2348.91721856516,57.0790909090909,"2020-06-23 17:30:00",15.4575
"802","MOOS",2020-06-23 17:45:00,2354.5325187461,57.2009090909091,"2020-06-23 17:45:00",18.4025
"803","MOOS",2020-06-23 18:00:00,2345.17368511119,57.6127272727273,"2020-06-23 18:00:00",19.485
"804","MOOS",2020-06-23 18:15:00,2327.39190120492,57.6727272727273,"2020-06-23 18:15:00",18.8875
"805","MOOS",2020-06-23 18:30:00,2333.94308474933,57.2318181818182,"2020-06-23 18:30:00",17.5475
"806","MOOS",2020-06-23 18:45:00,2326.45601784144,57.22,"2020-06-23 18:45:00",18.19
"807","MOOS",2020-06-23 19:00:00,2332.07131802235,57.8427272727273,"2020-06-23 19:00:00",19.3225
"808","MOOS",2020-06-23 19:15:00,2324.58425111446,57.2972727272727,"2020-06-23 19:15:00",17.7425
"809","MOOS",2020-06-23 19:30:00,2310.54600066211,57.0754545454545,"2020-06-23 19:30:00",16.7675
"810","MOOS",2020-06-23 19:45:00,2315.22541747958,56.96,"2020-06-23 19:45:00",17.315
"811","MOOS",2020-06-23 20:00:00,2308.67423393516,58.0327272727273,"2020-06-23 20:00:00",19.48
"812","MOOS",2020-06-23 20:15:00,2311.48188402559,58.2390909090909,"2020-06-23 20:15:00",18.86
"813","MOOS",2020-06-23 20:30:00,2303.05893375422,58.9472727272727,"2020-06-23 20:30:00",19.3975
"814","MOOS",2020-06-23 20:45:00,2302.12305039071,59.1027272727273,"2020-06-23 20:45:00",18.3075
"815","MOOS",2020-06-23 21:00:00,2301.18716702724,58.7281818181818,"2020-06-23 21:00:00",19.03
"816","MOOS",2020-06-23 21:15:00,2307.73835057166,58.8281818181818,"2020-06-23 21:15:00",20.6
"817","MOOS",2020-06-23 21:30:00,2293.70010011931,58.9863636363636,"2020-06-23 21:30:00",18.5975
"818","MOOS",2020-06-23 21:45:00,2289.95656666538,58.63,"2020-06-23 21:45:00",19.39
"819","MOOS",2020-06-23 22:00:00,2298.37951693678,58.5081818181818,"2020-06-23 22:00:00",18.655
"820","MOOS",2020-06-23 22:15:00,2281.53361639398,58.16,"2020-06-23 22:15:00",18.2325
"821","MOOS",2020-06-23 22:30:00,2297.4436335733,58.2963636363636,"2020-06-23 22:30:00",17.775
"822","MOOS",2020-06-23 22:45:00,2269.36713266865,58.6172727272727,"2020-06-23 22:45:00",17.8375
"823","MOOS",2020-06-23 23:00:00,2263.7518324877,58.6281818181818,"2020-06-23 23:00:00",17.6175
"824","MOOS",2020-06-23 23:15:00,2268.43124930514,59.3827272727273,"2020-06-23 23:15:00",17.06
"825","MOOS",2020-06-23 23:30:00,2268.43124930514,59.0609090909091,"2020-06-23 23:30:00",17.1875
"826","MOOS",2020-06-23 23:45:00,2261.88006576072,59.3472727272727,"2020-06-23 23:45:00",18.075
"827","MOOS",2020-06-24 00:00:00,2264.68771585121,59.2363636363636,"2020-06-24 00:00:00",18.38
"828","MOOS",2020-06-24 00:15:00,2280.5977330305,59.3945454545455,"2020-06-24 00:15:00",17.3625
"829","MOOS",2020-06-24 00:30:00,2260.94418239722,59.3963636363636,"2020-06-24 00:30:00",17.775
"830","MOOS",2020-06-24 00:45:00,2260.00829903374,59.4545454545455,"2020-06-24 00:45:00",16.895
"831","MOOS",2020-06-24 01:00:00,2248.77769867191,59.6154545454545,"2020-06-24 01:00:00",17.0725
"832","MOOS",2020-06-24 01:15:00,2248.77769867191,59.7745454545455,"2020-06-24 01:15:00",17.185
"833","MOOS",2020-06-24 01:30:00,2245.03416521792,60.3336363636364,"2020-06-24 01:30:00",17.3075
"834","MOOS",2020-06-24 01:45:00,2248.77769867191,61.33,"2020-06-24 01:45:00",16.66
"835","MOOS",2020-06-24 02:00:00,2236.61121494655,60.4772727272727,"2020-06-24 02:00:00",16.4625
"836","MOOS",2020-06-24 02:15:00,2234.73944821957,60.6836363636364,"2020-06-24 02:15:00",15.84
"837","MOOS",2020-06-24 02:30:00,2232.86768149259,60.5872727272727,"2020-06-24 02:30:00",15.78
"838","MOOS",2020-06-24 02:45:00,2239.41886503701,60.9254545454545,"2020-06-24 02:45:00",15.8375
"839","MOOS",2020-06-24 03:00:00,2233.80356485606,61.11,"2020-06-24 03:00:00",15.63
"840","MOOS",2020-06-24 03:15:00,2222.5729644942,60.01,"2020-06-24 03:15:00",15.5475
"841","MOOS",2020-06-24 03:30:00,2219.76531440375,58.8654545454545,"2020-06-24 03:30:00",15.525
"842","MOOS",2020-06-24 03:45:00,2226.31649794817,59.5236363636364,"2020-06-24 03:45:00",15.755
"843","MOOS",2020-06-24 04:00:00,2225.38061458469,60.7972727272727,"2020-06-24 04:00:00",15.11
"844","MOOS",2020-06-24 04:15:00,2213.21413085933,61.2390909090909,"2020-06-24 04:15:00",15.3875
"845","MOOS",2020-06-24 04:30:00,2218.82943104027,60.9509090909091,"2020-06-24 04:30:00",15.145
"846","MOOS",2020-06-24 04:45:00,2215.08589758631,60.5809090909091,"2020-06-24 04:45:00",15.075
"847","MOOS",2020-06-24 05:00:00,2197.30411368003,60.1372727272727,"2020-06-24 05:00:00",14.725
"848","MOOS",2020-06-24 05:15:00,2209.47059740539,60.1263636363636,"2020-06-24 05:15:00",14.675
"849","MOOS",2020-06-24 05:30:00,2228.18826467515,60.16,"2020-06-24 05:30:00",15.3125
"850","MOOS",2020-06-24 05:45:00,2209.47059740539,60.2354545454545,"2020-06-24 05:45:00",15.225
"851","MOOS",2020-06-24 06:00:00,2199.17588040698,60.0554545454545,"2020-06-24 06:00:00",15.0625
"852","MOOS",2020-06-24 06:15:00,2210.40648076884,60.1118181818182,"2020-06-24 06:15:00",15.13
"853","MOOS",2020-06-24 06:30:00,2204.79118058793,60.31,"2020-06-24 06:30:00",15.1025
"854","MOOS",2020-06-24 06:45:00,2206.66294731491,59.7536363636364,"2020-06-24 06:45:00",14.8575
"855","MOOS",2020-06-24 07:00:00,2192.62469686259,60.8372727272727,"2020-06-24 07:00:00",14.79
"856","MOOS",2020-06-24 07:15:00,2197.30411368003,60.4845454545455,"2020-06-24 07:15:00",14.8375
"857","MOOS",2020-06-24 07:30:00,2174.84291295632,60.7727272727273,"2020-06-24 07:30:00",14.735
"858","MOOS",2020-06-24 07:45:00,2195.43234695305,59.4854545454545,"2020-06-24 07:45:00",14.8275
"859","MOOS",2020-06-24 08:00:00,2170.16349613888,59.8045454545455,"2020-06-24 08:00:00",14.755
"860","MOOS",2020-06-24 08:15:00,2181.39409650074,60.44,"2020-06-24 08:15:00",14.8025
"861","MOOS",2020-06-24 08:30:00,2168.2917294119,60.5018181818182,"2020-06-24 08:30:00",14.6325
"862","MOOS",2020-06-24 08:45:00,2158.93289577702,60.9718181818182,"2020-06-24 08:45:00",14.6525
"863","MOOS",2020-06-24 09:00:00,2172.03526286583,60.4909090909091,"2020-06-24 09:00:00",14.54
"864","MOOS",2020-06-24 09:15:00,2163.61231259446,59.9427272727273,"2020-06-24 09:15:00",14.6
"865","MOOS",2020-06-24 09:30:00,2148.63817877861,59.5554545454545,"2020-06-24 09:30:00",14.575
"866","MOOS",2020-06-24 09:45:00,2152.3817122326,60.7690909090909,"2020-06-24 09:45:00",14.58
"867","MOOS",2020-06-24 10:00:00,2140.21522850724,61.0936363636364,"2020-06-24 10:00:00",14.5625
"868","MOOS",2020-06-24 10:15:00,2144.89464532468,61.9072727272727,"2020-06-24 10:15:00",14.59
"869","MOOS",2020-06-24 10:30:00,2141.15111187074,61.9636363636364,"2020-06-24 10:30:00",14.6525
"870","MOOS",2020-06-24 10:45:00,2134.59992832629,61.97,"2020-06-24 10:45:00",14.55
"871","MOOS",2020-06-24 11:00:00,2129.92051150886,62.3227272727273,"2020-06-24 11:00:00",14.5775
"872","MOOS",2020-06-24 11:15:00,2133.66404496282,63.3818181818182,"2020-06-24 11:15:00",14.585
"873","MOOS",2020-06-24 11:30:00,2138.34346178026,62.5109090909091,"2020-06-24 11:30:00",14.595
"874","MOOS",2020-06-24 11:45:00,2133.66404496282,62.0818181818182,"2020-06-24 11:45:00",14.6825
"875","MOOS",2020-06-24 12:00:00,2128.98462814538,62.7436363636364,"2020-06-24 12:00:00",14.5425
"876","MOOS",2020-06-24 12:15:00,2119.6257945105,62.3390909090909,"2020-06-24 12:15:00",14.485
"877","MOOS",2020-06-24 12:30:00,2126.17697805492,63.14,"2020-06-24 12:30:00",14.645
"878","MOOS",2020-06-24 12:45:00,2126.17697805492,62.7172727272727,"2020-06-24 12:45:00",14.4725
"879","MOOS",2020-06-24 13:00:00,2113.07461096608,64.1318181818182,"2020-06-24 13:00:00",14.745
"880","MOOS",2020-06-24 13:15:00,2105.58754405816,64.0336363636364,"2020-06-24 13:15:00",14.55
"881","MOOS",2020-06-24 13:30:00,2128.98462814538,62.5027272727273,"2020-06-24 13:30:00",14.65
"882","MOOS",2020-06-24 13:45:00,2118.689911147,62.5618181818182,"2020-06-24 13:45:00",14.6675
"883","MOOS",2020-06-24 14:00:00,2125.24109469142,63.0872727272727,"2020-06-24 14:00:00",14.58
"884","MOOS",2020-06-24 14:15:00,2120.56167787401,63.5045454545455,"2020-06-24 14:15:00",14.69
"885","MOOS",2020-06-24 14:30:00,2125.24109469142,63.2154545454545,"2020-06-24 14:30:00",14.62
"886","MOOS",2020-06-24 14:45:00,2129.92051150886,63.0709090909091,"2020-06-24 14:45:00",14.61
"887","MOOS",2020-06-24 15:00:00,2123.36932796444,64.1027272727273,"2020-06-24 15:00:00",14.6425
"888","MOOS",2020-06-24 15:15:00,2122.43344460096,63.3963636363636,"2020-06-24 15:15:00",14.6275
"889","MOOS",2020-06-24 15:30:00,2125.24109469142,64.2863636363636,"2020-06-24 15:30:00",14.55
"890","MOOS",2020-06-24 15:45:00,2128.04874478187,63.8536363636364,"2020-06-24 15:45:00",14.5775
"891","MOOS",2020-06-24 16:00:00,2115.88226105654,63.8081818181818,"2020-06-24 16:00:00",14.6625
"892","MOOS",2020-06-24 16:15:00,2131.79227823587,63.6554545454545,"2020-06-24 16:15:00",14.5625
"893","MOOS",2020-06-24 16:30:00,2135.5358116898,64.1572727272727,"2020-06-24 16:30:00",14.56
"894","MOOS",2020-06-24 16:45:00,2139.27934514373,64.5527272727273,"2020-06-24 16:45:00",14.7425
"895","MOOS",2020-06-24 17:00:00,2131.79227823587,64.0354545454545,"2020-06-24 17:00:00",14.655
"896","MOOS",2020-06-24 17:15:00,2134.59992832629,64.3554545454545,"2020-06-24 17:15:00",14.605
"897","MOOS",2020-06-24 17:30:00,2129.92051150886,64.5545454545455,"2020-06-24 17:30:00",14.62
"898","MOOS",2020-06-24 17:45:00,2128.98462814538,65.2636363636364,"2020-06-24 17:45:00",14.7725
"899","MOOS",2020-06-24 18:00:00,2135.5358116898,64.8372727272727,"2020-06-24 18:00:00",14.7225
"900","MOOS",2020-06-24 18:15:00,2137.40757841678,65.0636363636364,"2020-06-24 18:15:00",14.7975
"901","MOOS",2020-06-24 18:30:00,2132.72816159931,65.11,"2020-06-24 18:30:00",14.675
"902","MOOS",2020-06-24 18:45:00,2134.59992832629,64.8581818181818,"2020-06-24 18:45:00",14.6375
"903","MOOS",2020-06-24 19:00:00,2129.92051150886,64.8927272727273,"2020-06-24 19:00:00",14.765
"904","MOOS",2020-06-24 19:15:00,2129.92051150886,65.6181818181818,"2020-06-24 19:15:00",14.695
"905","MOOS",2020-06-24 19:30:00,2131.79227823587,65.5072727272727,"2020-06-24 19:30:00",14.7375
"906","MOOS",2020-06-24 19:45:00,2127.1128614184,66.1154545454545,"2020-06-24 19:45:00",14.735
"907","MOOS",2020-06-24 20:00:00,2129.92051150886,67.1454545454545,"2020-06-24 20:00:00",14.745
"908","MOOS",2020-06-24 20:15:00,2120.56167787401,67.1109090909091,"2020-06-24 20:15:00",13.206
"909","MOOS",2020-06-24 20:30:00,2117.75402778352,67.1772727272727,"2020-06-24 20:30:00",0.423333333333333
"910","MOOS",2020-06-24 20:45:00,2116.81814442002,68.1518181818182,"2020-06-24 20:45:00",5.83888888888889
"911","MOOS",2020-06-24 21:00:00,2121.49756123745,67.2036363636364,"2020-06-24 21:00:00",-0.0858333333333333
"912","MOOS",2020-06-24 21:15:00,2114.01049432956,66.2290909090909,"2020-06-24 21:15:00",0.0833333333333333
"913","MOOS",2020-06-24 21:30:00,2114.01049432956,65.1963636363636,"2020-06-24 21:30:00",1.88833333333333
"914","MOOS",2020-06-24 21:45:00,2107.45931078514,65.3645454545454,"2020-06-24 21:45:00",0.483333333333333
"915","MOOS",2020-06-24 22:00:00,2100.90812724072,65.6872727272727,"2020-06-24 22:00:00",0.4525
"916","MOOS",2020-06-24 22:15:00,2102.7798939677,65.8990909090909,"2020-06-24 22:15:00",0.449166666666667
"917","MOOS",2020-06-24 22:30:00,2110.2669608756,65.5890909090909,"2020-06-24 22:30:00",0.484166666666667
"918","MOOS",2020-06-24 22:45:00,2099.03636051374,65.6990909090909,"2020-06-24 22:45:00",0.459166666666667
"919","MOOS",2020-06-24 23:00:00,2099.03636051374,65.9281818181818,"2020-06-24 23:00:00",0.410833333333333
"920","MOOS",2020-06-24 23:15:00,2099.03636051374,66.7,"2020-06-24 23:15:00",0.454166666666667
"921","MOOS",2020-06-24 23:30:00,2094.3569436963,66.6118181818182,"2020-06-24 23:30:00",0.3275
"922","MOOS",2020-06-24 23:45:00,2100.90812724072,67.2818181818182,"2020-06-24 23:45:00",0.356666666666667
"923","MOOS",2020-06-25 00:00:00,2093.4210603328,67.2345454545455,"2020-06-25 00:00:00",0.290833333333333
"924","MOOS",2020-06-25 00:15:00,2091.54929360584,68.1236363636364,"2020-06-25 00:15:00",0.315833333333333
"925","MOOS",2020-06-25 00:30:00,2089.67752687886,68.1936363636364,"2020-06-25 00:30:00",0.393333333333333
"926","MOOS",2020-06-25 00:45:00,2090.61341024237,67.6509090909091,"2020-06-25 00:45:00",0.429166666666667
"927","MOOS",2020-06-25 01:00:00,2087.80576015188,67.91,"2020-06-25 01:00:00",0.538333333333333
"928","MOOS",2020-06-25 01:15:00,2079.38280988048,68.2027272727273,"2020-06-25 01:15:00",0.574166666666667
"929","MOOS",2020-06-25 01:30:00,2080.31869324399,67.8427272727273,"2020-06-25 01:30:00",0.0808333333333333
"930","MOOS",2020-06-25 01:45:00,2074.70339306304,68.5763636363636,"2020-06-25 01:45:00",0.274166666666667
"931","MOOS",2020-06-25 02:00:00,2076.57515979002,68.31,"2020-06-25 02:00:00",0.449166666666667
"932","MOOS",2020-06-25 02:15:00,2073.76750969957,68.9790909090909,"2020-06-25 02:15:00",0.318333333333333
"933","MOOS",2020-06-25 02:30:00,2062.53690933771,69.3590909090909,"2020-06-25 02:30:00",0.301666666666667
"934","MOOS",2020-06-25 02:45:00,2065.34455942817,69.2709090909091,"2020-06-25 02:45:00",-0.1975
"935","MOOS",2020-06-25 03:00:00,2054.11395906631,68.7172727272727,"2020-06-25 03:00:00",0.4825
"936","MOOS",2020-06-25 03:15:00,2053.17807570283,69.6081818181818,"2020-06-25 03:15:00",0.7225
"937","MOOS",2020-06-25 03:30:00,2055.98572579329,69.6436363636364,"2020-06-25 03:30:00",-0.0783333333333333
"938","MOOS",2020-06-25 03:45:00,2044.75512543143,70.1418181818182,"2020-06-25 03:45:00",-0.225
"939","MOOS",2020-06-25 04:00:00,2040.07570861399,70.1527272727273,"2020-06-25 04:00:00",0.02
"940","MOOS",2020-06-25 04:15:00,2035.39629179655,70.0409090909091,"2020-06-25 04:15:00",-0.293333333333333
"941","MOOS",2020-06-25 04:30:00,2037.26805852351,70.88,"2020-06-25 04:30:00",-0.3
"942","MOOS",2020-06-25 04:45:00,1985.79447353166,70.9609090909091,"2020-06-25 04:45:00",-0.304166666666667
"943","MOOS",2020-06-25 05:00:00,1972.69210644282,70.6709090909091,"2020-06-25 05:00:00",-0.385833333333333
"944","MOOS",2020-06-25 05:15:00,1964.26915617145,72.1172727272727,"2020-06-25 05:15:00",-0.450833333333333
"945","MOOS",2020-06-25 05:30:00,1963.33327280794,71.9627272727273,"2020-06-25 05:30:00",-0.501666666666667
"946","MOOS",2020-06-25 05:45:00,1957.717972627,72.4127272727273,"2020-06-25 05:45:00",-0.543333333333333
"947","MOOS",2020-06-25 06:00:00,1951.16678908258,73.1872727272727,"2020-06-25 06:00:00",-0.563333333333333
"948","MOOS",2020-06-25 06:15:00,1950.2309057191,73.02,"2020-06-25 06:15:00",-0.570833333333333
"949","MOOS",2020-06-25 06:30:00,1946.48737226514,73.4436363636364,"2020-06-25 06:30:00",-0.590833333333333
"950","MOOS",2020-06-25 06:45:00,1939.93618872072,72.9263636363636,"2020-06-25 06:45:00",-0.580833333333333
"951","MOOS",2020-06-25 07:00:00,1936.19265526679,73.2763636363636,"2020-06-25 07:00:00",-0.575833333333333
"952","MOOS",2020-06-25 07:15:00,1932.4491218128,71.9809090909091,"2020-06-25 07:15:00",-0.575
"953","MOOS",2020-06-25 07:30:00,1937.12853863023,73.0372727272727,"2020-06-25 07:30:00",-0.52
"954","MOOS",2020-06-25 07:45:00,1927.76970499536,73.9154545454546,"2020-06-25 07:45:00",-0.4625
"955","MOOS",2020-06-25 08:00:00,1924.96205490493,74.3363636363636,"2020-06-25 08:00:00",-0.397272727272727
"956","MOOS",2020-06-25 08:15:00,1925.89793826838,73.7554545454545,"2020-06-25 08:15:00",-0.354166666666667
"957","MOOS",2020-06-25 08:30:00,1917.474987997,74.3218181818182,"2020-06-25 08:30:00",-0.325833333333333
"958","MOOS",2020-06-25 08:45:00,1914.66733790652,76.0681818181818,"2020-06-25 08:45:00",-0.29
"959","MOOS",2020-06-25 09:00:00,1914.66733790652,74.2909090909091,"2020-06-25 09:00:00",-0.270833333333333
"960","MOOS",2020-06-25 09:15:00,1910.92380445258,74.8072727272727,"2020-06-25 09:15:00",-0.2525
"961","MOOS",2020-06-25 09:30:00,1908.11615436213,73.4727272727273,"2020-06-25 09:30:00",-0.2225
"962","MOOS",2020-06-25 09:45:00,1906.24438763515,73.5990909090909,"2020-06-25 09:45:00",-0.220833333333333
"963","MOOS",2020-06-25 10:00:00,1896.88555400027,73.3536363636364,"2020-06-25 10:00:00",-0.2025
"964","MOOS",2020-06-25 10:15:00,1894.07790390978,73.6645454545455,"2020-06-25 10:15:00",-0.1675
"965","MOOS",2020-06-25 10:30:00,1891.27025381933,74.9472727272727,"2020-06-25 10:30:00",-0.168333333333333
"966","MOOS",2020-06-25 10:45:00,1898.75732072722,76.2,"2020-06-25 10:45:00",-0.1725
"967","MOOS",2020-06-25 11:00:00,1913.73145454307,75.4227272727273,"2020-06-25 11:00:00",-0.178333333333333
"968","MOOS",2020-06-25 11:15:00,1899.69320409073,75.5854545454546,"2020-06-25 11:15:00",-0.155833333333333
"969","MOOS",2020-06-25 11:30:00,1900.6290874542,76.3590909090909,"2020-06-25 11:30:00",-0.110833333333333
"970","MOOS",2020-06-25 11:45:00,1905.30850427164,78.2463636363636,"2020-06-25 11:45:00",-0.1175
"971","MOOS",2020-06-25 12:00:00,1909.0520377256,78.1309090909091,"2020-06-25 12:00:00",-0.1
"972","MOOS",2020-06-25 12:15:00,1920.28263808746,79.8863636363636,"2020-06-25 12:15:00",-0.0675
"973","MOOS",2020-06-25 12:30:00,1917.474987997,79.95,"2020-06-25 12:30:00",-0.0625
"974","MOOS",2020-06-25 12:45:00,1909.98792108908,83.9336363636364,"2020-06-25 12:45:00",-0.055
"975","MOOS",2020-06-25 13:00:00,1909.0520377256,85.6727272727273,"2020-06-25 13:00:00",-0.0633333333333333
"976","MOOS",2020-06-25 13:15:00,1901.56497081771,60.8690909090909,"2020-06-25 13:15:00",-0.0475
"977","MOOS",2020-06-25 13:30:00,1896.88555400027,3.13818181818182,"2020-06-25 13:30:00",-0.00416666666666667
"978","MOOS",2020-06-25 13:45:00,1896.88555400027,3.70636363636364,"2020-06-25 13:45:00",0.0308333333333333
"979","MOOS",2020-06-25 14:00:00,1893.14202054631,3.64454545454545,"2020-06-25 14:00:00",0.0741666666666667
"980","MOOS",2020-06-25 14:15:00,1888.46260372887,3.63,"2020-06-25 14:15:00",0.0975
"981","MOOS",2020-06-25 14:30:00,1886.59083700189,3.61090909090909,"2020-06-25 14:30:00",0.124166666666667
"982","MOOS",2020-06-25 14:45:00,1884.71907027491,3.53727272727273,"2020-06-25 14:45:00",0.1325
"983","MOOS",2020-06-25 15:00:00,1884.71907027491,3.47090909090909,"2020-06-25 15:00:00",0.155
"984","MOOS",2020-06-25 15:15:00,1880.03965345747,3.48727272727273,"2020-06-25 15:15:00",0.176666666666667
"985","MOOS",2020-06-25 15:30:00,1880.97553682097,3.49363636363636,"2020-06-25 15:30:00",0.170833333333333
"986","MOOS",2020-06-25 15:45:00,1873.48846991305,3.51181818181818,"2020-06-25 15:45:00",0.180833333333333
"987","MOOS",2020-06-25 16:00:00,1874.42435327655,3.52,"2020-06-25 16:00:00",0.196666666666667
"988","MOOS",2020-06-25 16:15:00,1874.42435327655,3.52909090909091,"2020-06-25 16:15:00",0.209166666666667
"989","MOOS",2020-06-25 16:30:00,1867.87316973213,3.55,"2020-06-25 16:30:00",0.208333333333333
"990","MOOS",2020-06-25 16:45:00,1867.87316973213,3.51363636363636,"2020-06-25 16:45:00",0.206666666666667
"991","MOOS",2020-06-25 17:00:00,1863.1937529147,3.51090909090909,"2020-06-25 17:00:00",0.215833333333333
"992","MOOS",2020-06-25 17:15:00,1866.00140300512,3.51454545454545,"2020-06-25 17:15:00",0.213333333333333
"993","MOOS",2020-06-25 17:30:00,1866.00140300512,3.52454545454545,"2020-06-25 17:30:00",0.226666666666667
"994","MOOS",2020-06-25 17:45:00,1866.00140300512,3.53181818181818,"2020-06-25 17:45:00",0.2325
"995","MOOS",2020-06-25 18:00:00,1861.32198618769,3.5,"2020-06-25 18:00:00",0.246666666666667
"996","MOOS",2020-06-25 18:15:00,1853.83491927979,3.50818181818182,"2020-06-25 18:15:00",0.271666666666667
"997","MOOS",2020-06-25 18:30:00,1853.83491927979,3.54818181818182,"2020-06-25 18:30:00",0.28
"998","MOOS",2020-06-25 18:45:00,1852.89903591631,3.54818181818182,"2020-06-25 18:45:00",0.293333333333333
"999","MOOS",2020-06-25 19:00:00,1852.89903591631,3.51909090909091,"2020-06-25 19:00:00",0.313333333333333
"1000","MOOS",2020-06-25 19:15:00,1851.02726918933,3.55090909090909,"2020-06-25 19:15:00",0.326666666666667
"1001","MOOS",2020-06-25 19:30:00,1851.02726918933,3.54272727272727,"2020-06-25 19:30:00",0.345
"1002","MOOS",2020-06-25 19:45:00,1849.15550246235,3.51363636363636,"2020-06-25 19:45:00",0.358333333333333
"1003","MOOS",2020-06-25 20:00:00,1848.21961909885,3.53090909090909,"2020-06-25 20:00:00",0.3775
"1004","MOOS",2020-06-25 20:15:00,1846.34785237189,3.53545454545455,"2020-06-25 20:15:00",0.388333333333333
"1005","MOOS",2020-06-25 20:30:00,1843.54020228141,3.56272727272727,"2020-06-25 20:30:00",0.425
"1006","MOOS",2020-06-25 20:45:00,1844.47608564491,3.51090909090909,"2020-06-25 20:45:00",0.435833333333333
"1007","MOOS",2020-06-25 21:00:00,1842.60431891793,3.50090909090909,"2020-06-25 21:00:00",0.440833333333333
"1008","MOOS",2020-06-25 21:15:00,1842.60431891793,3.52454545454545,"2020-06-25 21:15:00",0.451666666666667
"1009","MOOS",2020-06-25 21:30:00,1836.98901873699,3.55,"2020-06-25 21:30:00",0.459166666666667
"1010","MOOS",2020-06-25 21:45:00,1834.18136864653,3.53090909090909,"2020-06-25 21:45:00",0.463333333333333
"1011","MOOS",2020-06-25 22:00:00,1830.4378351926,3.52363636363636,"2020-06-25 22:00:00",0.471666666666667
"1012","MOOS",2020-06-25 22:15:00,1831.37371855605,3.54454545454545,"2020-06-25 22:15:00",0.48
"1013","MOOS",2020-06-25 22:30:00,1832.30960191955,3.54818181818182,"2020-06-25 22:30:00",0.466666666666667
"1014","MOOS",2020-06-25 22:45:00,1826.69430173864,3.55363636363636,"2020-06-25 22:45:00",0.454166666666667
"1015","MOOS",2020-06-25 23:00:00,1830.4378351926,3.58090909090909,"2020-06-25 23:00:00",0.401666666666667
"1016","MOOS",2020-06-25 23:15:00,1828.56606846562,3.57545454545455,"2020-06-25 23:15:00",0.393333333333333
"1017","MOOS",2020-06-25 23:30:00,1827.63018510211,3.57272727272727,"2020-06-25 23:30:00",0.2475
"1018","MOOS",2020-06-25 23:45:00,1823.88665164818,3.56363636363636,"2020-06-25 23:45:00",0.25
"1019","MOOS",2020-06-26 00:00:00,1825.75841837513,3.55090909090909,"2020-06-26 00:00:00",0.1825
"1020","MOOS",2020-06-26 00:15:00,1819.20723483074,3.55909090909091,"2020-06-26 00:15:00",0.5125
"1021","MOOS",2020-06-26 00:30:00,1817.33546810376,3.58454545454545,"2020-06-26 00:30:00",0.3025
"1022","MOOS",2020-06-26 00:45:00,1818.27135146724,3.56,"2020-06-26 00:45:00",0.2125
"1023","MOOS",2020-06-26 01:00:00,1813.5919346498,3.58727272727273,"2020-06-26 01:00:00",0.2175
"1024","MOOS",2020-06-26 01:15:00,1816.39958474025,3.59545454545455,"2020-06-26 01:15:00",0.218333333333333
"1025","MOOS",2020-06-26 01:30:00,1810.78428455931,3.57181818181818,"2020-06-26 01:30:00",0.19
"1026","MOOS",2020-06-26 01:45:00,1811.72016792282,3.55181818181818,"2020-06-26 01:45:00",0.163333333333333
"1027","MOOS",2020-06-26 02:00:00,1808.91251783233,3.58636363636364,"2020-06-26 02:00:00",0.118333333333333
"1028","MOOS",2020-06-26 02:15:00,1806.10486774187,3.59818181818182,"2020-06-26 02:15:00",0.0983333333333333
"1029","MOOS",2020-06-26 02:30:00,1805.1689843784,3.61636363636364,"2020-06-26 02:30:00",0.0216666666666667
"1030","MOOS",2020-06-26 02:45:00,1804.23310101489,3.64272727272727,"2020-06-26 02:45:00",-0.0275
"1031","MOOS",2020-06-26 03:00:00,1798.61780083398,3.61454545454545,"2020-06-26 03:00:00",-0.0725
"1032","MOOS",2020-06-26 03:15:00,1792.06661728956,3.63363636363636,"2020-06-26 03:15:00",-0.220833333333333
"1033","MOOS",2020-06-26 03:30:00,1795.81015074352,3.63818181818182,"2020-06-26 03:30:00",-0.330833333333333
"1034","MOOS",2020-06-26 03:45:00,1791.13073392608,3.66818181818182,"2020-06-26 03:45:00",-0.526666666666667
"1035","MOOS",2020-06-26 04:00:00,1787.38720047212,3.67545454545455,"2020-06-26 04:00:00",-0.703333333333333
"1036","MOOS",2020-06-26 04:15:00,1788.3230838356,3.69818181818182,"2020-06-26 04:15:00",-0.795
"1037","MOOS",2020-06-26 04:30:00,1784.57955038166,3.68636363636364,"2020-06-26 04:30:00",-0.784166666666667
"1038","MOOS",2020-06-26 04:45:00,1785.51543374514,3.72272727272727,"2020-06-26 04:45:00",-0.730833333333333
"1039","MOOS",2020-06-26 05:00:00,1784.57955038166,3.70090909090909,"2020-06-26 05:00:00",-0.798333333333333
"1040","MOOS",2020-06-26 05:15:00,1781.77190029118,3.69545454545455,"2020-06-26 05:15:00",-0.865
"1041","MOOS",2020-06-26 05:30:00,1781.77190029118,3.69909090909091,"2020-06-26 05:30:00",-0.850833333333333
"1042","MOOS",2020-06-26 05:45:00,1776.15660011026,3.72,"2020-06-26 05:45:00",-0.793333333333333
"1043","MOOS",2020-06-26 06:00:00,1774.28483338328,3.71818181818182,"2020-06-26 06:00:00",21.87
"1044","MOOS",2020-06-26 06:15:00,1769.60541656584,3.72090909090909,"2020-06-26 06:15:00",22.2675
"1045","MOOS",2020-06-26 06:30:00,1776.15660011026,3.72818181818182,"2020-06-26 06:30:00",22.4075
"1046","MOOS",2020-06-26 06:45:00,1764.92599974838,3.69363636363636,"2020-06-26 06:45:00",22.3575
"1047","MOOS",2020-06-26 07:00:00,1765.86188311188,3.66090909090909,"2020-06-26 07:00:00",22.4225
"1048","MOOS",2020-06-26 07:15:00,1766.79776647539,3.61636363636364,"2020-06-26 07:15:00",22.5425
"1049","MOOS",2020-06-26 07:30:00,1767.73364983886,3.52363636363636,"2020-06-26 07:30:00",22.4775
"1050","MOOS",2020-06-26 07:45:00,1764.92599974838,3.47454545454545,"2020-06-26 07:45:00",22.58
"1051","MOOS",2020-06-26 08:00:00,1761.18246629444,3.44090909090909,"2020-06-26 08:00:00",22.575
"1052","MOOS",2020-06-26 08:15:00,1767.73364983886,3.42454545454545,"2020-06-26 08:15:00",22.5975
"1053","MOOS",2020-06-26 08:30:00,1758.37481620398,3.47,"2020-06-26 08:30:00",22.6475
"1054","MOOS",2020-06-26 08:45:00,1762.11834965795,3.54090909090909,"2020-06-26 08:45:00",22.645
"1055","MOOS",2020-06-26 09:00:00,1760.24658293094,3.55454545454545,"2020-06-26 09:00:00",22.65
"1056","MOOS",2020-06-26 09:15:00,1756.503049477,3.57545454545455,"2020-06-26 09:15:00",22.7625
"1057","MOOS",2020-06-26 09:30:00,1752.75951602307,3.55454545454545,"2020-06-26 09:30:00",22.8175
"1058","MOOS",2020-06-26 09:45:00,1751.82363265957,3.55,"2020-06-26 09:45:00",22.7325
"1059","MOOS",2020-06-26 10:00:00,1749.95186593258,3.52181818181818,"2020-06-26 10:00:00",22.8225
"1060","MOOS",2020-06-26 10:15:00,1749.01598256908,3.54,"2020-06-26 10:15:00",22.82
"1061","MOOS",2020-06-26 10:30:00,1752.75951602307,3.50454545454545,"2020-06-26 10:30:00",22.805
"1062","MOOS",2020-06-26 10:45:00,1750.88774929606,3.50818181818182,"2020-06-26 10:45:00",22.86
"1063","MOOS",2020-06-26 11:00:00,1745.27244911515,3.50636363636364,"2020-06-26 11:00:00",22.895
"1064","MOOS",2020-06-26 11:15:00,1744.33656575164,3.46272727272727,"2020-06-26 11:15:00",22.8875
"1065","MOOS",2020-06-26 11:30:00,1743.40068238816,3.44727272727273,"2020-06-26 11:30:00",22.945
"1066","MOOS",2020-06-26 11:45:00,1747.14421584213,3.37090909090909,"2020-06-26 11:45:00",22.995
"1067","MOOS",2020-06-26 12:00:00,1744.33656575164,3.35818181818182,"2020-06-26 12:00:00",23.12
"1068","MOOS",2020-06-26 12:15:00,1745.27244911515,3.37545454545455,"2020-06-26 12:15:00",23.045
"1069","MOOS",2020-06-26 12:30:00,1749.01598256908,3.36181818181818,"2020-06-26 12:30:00",23.0925
"1070","MOOS",2020-06-26 12:45:00,1748.0800992056,3.38363636363636,"2020-06-26 12:45:00",23.075
"1071","MOOS",2020-06-26 13:00:00,1742.46479902466,3.34181818181818,"2020-06-26 13:00:00",23.085
"1072","MOOS",2020-06-26 13:15:00,1742.46479902466,3.33454545454545,"2020-06-26 13:15:00",23.24
"1073","MOOS",2020-06-26 13:30:00,1742.46479902466,3.35636363636364,"2020-06-26 13:30:00",23.175
"1074","MOOS",2020-06-26 13:45:00,1745.27244911515,3.34818181818182,"2020-06-26 13:45:00",23.14
"1075","MOOS",2020-06-26 14:00:00,1739.6571489342,78.8890909090909,"2020-06-26 14:00:00",23.15
"1076","MOOS",2020-06-26 14:15:00,1744.33656575164,79.2927272727273,"2020-06-26 14:15:00",23.3275
"1077","MOOS",2020-06-26 14:30:00,1745.27244911515,79.6727272727273,"2020-06-26 14:30:00",23.185
"1078","MOOS",2020-06-26 14:45:00,1748.0800992056,79.6281818181818,"2020-06-26 14:45:00",23.2525
"1079","MOOS",2020-06-26 15:00:00,1749.01598256908,80.9,"2020-06-26 15:00:00",23.31
"1080","MOOS",2020-06-26 15:15:00,1750.88774929606,80.7172727272727,"2020-06-26 15:15:00",23.3
"1081","MOOS",2020-06-26 15:30:00,1748.0800992056,79.7254545454545,"2020-06-26 15:30:00",23.2975
"1082","MOOS",2020-06-26 15:45:00,1756.503049477,80.0772727272727,"2020-06-26 15:45:00",23.26
"1083","MOOS",2020-06-26 16:00:00,1751.82363265957,80.5818181818182,"2020-06-26 16:00:00",23.2625
"1084","MOOS",2020-06-26 16:15:00,1758.37481620398,80.96,"2020-06-26 16:15:00",23.2475
"1085","MOOS",2020-06-26 16:30:00,1752.75951602307,80.1009090909091,"2020-06-26 16:30:00",23.275
"1086","MOOS",2020-06-26 16:45:00,1756.503049477,79.74,"2020-06-26 16:45:00",23.285
"1087","MOOS",2020-06-26 17:00:00,1753.69539938652,79.2981818181818,"2020-06-26 17:00:00",23.2475
"1088","MOOS",2020-06-26 17:15:00,1761.18246629444,79.1236363636364,"2020-06-26 17:15:00",23.1275
"1089","MOOS",2020-06-26 17:30:00,1754.63128275002,79.5236363636364,"2020-06-26 17:30:00",23.195
"1090","MOOS",2020-06-26 17:45:00,1762.11834965795,79.7963636363636,"2020-06-26 17:45:00",23.1575
"1091","MOOS",2020-06-26 18:00:00,1764.92599974838,78.7690909090909,"2020-06-26 18:00:00",23.16
"1092","MOOS",2020-06-26 18:15:00,1758.37481620398,78.4509090909091,"2020-06-26 18:15:00",23.17
"1093","MOOS",2020-06-26 18:30:00,1763.05423302142,78.6172727272727,"2020-06-26 18:30:00",23.2
"1094","MOOS",2020-06-26 18:45:00,1763.99011638493,78.8272727272727,"2020-06-26 18:45:00",23.1425
"1095","MOOS",2020-06-26 19:00:00,1763.05423302142,77.5863636363636,"2020-06-26 19:00:00",23.195
"1096","MOOS",2020-06-26 19:15:00,1765.86188311188,77.9518181818182,"2020-06-26 19:15:00",23.2
"1097","MOOS",2020-06-26 19:30:00,1770.54129992932,77.3381818181818,"2020-06-26 19:30:00",23.145
"1098","MOOS",2020-06-26 19:45:00,1763.05423302142,77.2845454545455,"2020-06-26 19:45:00",23.145
"1099","MOOS",2020-06-26 20:00:00,1758.37481620398,77.3563636363636,"2020-06-26 20:00:00",23.12
"1100","MOOS",2020-06-26 20:15:00,1763.99011638493,78.0936363636364,"2020-06-26 20:15:00",23.1375
"1101","MOOS",2020-06-26 20:30:00,1768.66953320237,77.05,"2020-06-26 20:30:00",23.075
"1102","MOOS",2020-06-26 20:45:00,1763.99011638493,77.1927272727273,"2020-06-26 20:45:00",23.035
"1103","MOOS",2020-06-26 21:00:00,1759.31069956746,76.42,"2020-06-26 21:00:00",23.005
"1104","MOOS",2020-06-26 21:15:00,1761.18246629444,75.4945454545455,"2020-06-26 21:15:00",23.0925
"1105","MOOS",2020-06-26 21:30:00,1756.503049477,75.7127272727273,"2020-06-26 21:30:00",23.0575
"1106","MOOS",2020-06-26 21:45:00,1761.18246629444,76.0409090909091,"2020-06-26 21:45:00",23
"1107","MOOS",2020-06-26 22:00:00,1761.18246629444,76.4636363636364,"2020-06-26 22:00:00",23.035
"1108","MOOS",2020-06-26 22:15:00,1766.79776647539,76.9309090909091,"2020-06-26 22:15:00",23.07
"1109","MOOS",2020-06-26 22:30:00,1765.86188311188,76.3090909090909,"2020-06-26 22:30:00",23
"1110","MOOS",2020-06-26 22:45:00,1760.24658293094,76.6,"2020-06-26 22:45:00",22.985
"1111","MOOS",2020-06-26 23:00:00,1759.31069956746,75.9690909090909,"2020-06-26 23:00:00",22.9975
"1112","MOOS",2020-06-26 23:15:00,1760.24658293094,76.6445454545455,"2020-06-26 23:15:00",22.9625
"1113","MOOS",2020-06-26 23:30:00,1767.73364983886,76.4390909090909,"2020-06-26 23:30:00",22.9975
"1114","MOOS",2020-06-26 23:45:00,1758.37481620398,76.4618181818182,"2020-06-26 23:45:00",22.94
"1115","MOOS",2020-06-27 00:00:00,1763.05423302142,75.9154545454546,"2020-06-27 00:00:00",23.0225
"1116","MOOS",2020-06-27 00:15:00,1756.503049477,76.2645454545455,"2020-06-27 00:15:00",23.0275
"1117","MOOS",2020-06-27 00:30:00,1757.43893284051,76.0654545454545,"2020-06-27 00:30:00",22.96
"1118","MOOS",2020-06-27 00:45:00,1759.31069956746,76.4218181818182,"2020-06-27 00:45:00",22.9925
"1119","MOOS",2020-06-27 01:00:00,1752.75951602307,76.7009090909091,"2020-06-27 01:00:00",22.9625
"1120","MOOS",2020-06-27 01:15:00,1753.69539938652,77.4236363636364,"2020-06-27 01:15:00",22.975
"1121","MOOS",2020-06-27 01:30:00,1753.69539938652,77.2290909090909,"2020-06-27 01:30:00",22.985
"1122","MOOS",2020-06-27 01:45:00,1750.88774929606,77.55,"2020-06-27 01:45:00",22.9825
"1123","MOOS",2020-06-27 02:00:00,1752.75951602307,78.0054545454545,"2020-06-27 02:00:00",23.01
"1124","MOOS",2020-06-27 02:15:00,1754.63128275002,77.7954545454545,"2020-06-27 02:15:00",23.0075
"1125","MOOS",2020-06-27 02:30:00,1741.52891566121,78.1736363636364,"2020-06-27 02:30:00",23.01
"1126","MOOS",2020-06-27 02:45:00,1749.01598256908,77.6627272727273,"2020-06-27 02:45:00",23.0675
"1127","MOOS",2020-06-27 03:00:00,1747.14421584213,78.2809090909091,"2020-06-27 03:00:00",23.04
"1128","MOOS",2020-06-27 03:15:00,1738.72126557073,78.5581818181818,"2020-06-27 03:15:00",23.04
"1129","MOOS",2020-06-27 03:30:00,1737.78538220722,78.6772727272727,"2020-06-27 03:30:00",22.99
"1130","MOOS",2020-06-27 03:45:00,1745.27244911515,79.28,"2020-06-27 03:45:00",23.09
"1131","MOOS",2020-06-27 04:00:00,1740.59303229771,79.9954545454545,"2020-06-27 04:00:00",23.08
"1132","MOOS",2020-06-27 04:15:00,1736.84949884375,80.0709090909091,"2020-06-27 04:15:00",23.1375
"1133","MOOS",2020-06-27 04:30:00,1739.6571489342,80.5454545454545,"2020-06-27 04:30:00",23.0775
"1134","MOOS",2020-06-27 04:45:00,1736.84949884375,80.4818181818182,"2020-06-27 04:45:00",23.1525
"1135","MOOS",2020-06-27 05:00:00,1734.97773211676,80.8172727272727,"2020-06-27 05:00:00",23.17
"1136","MOOS",2020-06-27 05:15:00,1727.49066520887,80.3836363636364,"2020-06-27 05:15:00",23.2225
"1137","MOOS",2020-06-27 05:30:00,1725.61889848189,80.5527272727273,"2020-06-27 05:30:00",23.23
"1138","MOOS",2020-06-27 05:45:00,1724.68301511841,80.5354545454545,"2020-06-27 05:45:00",23.2275
"1139","MOOS",2020-06-27 06:00:00,1729.36243193585,80.9245454545455,"2020-06-27 06:00:00",23.3025
"1140","MOOS",2020-06-27 06:15:00,1719.06771493747,81.2481818181818,"2020-06-27 06:15:00",23.1933333333333
"1141","MOOS",2020-06-27 06:30:00,1720.93948166445,81.3918181818182,"2020-06-27 06:30:00",23.2966666666667
"1142","MOOS",2020-06-27 06:45:00,1718.13183157399,82.33,"2020-06-27 06:45:00",23.3077777777778
"1143","MOOS",2020-06-27 07:00:00,1712.51653139305,82.2863636363636,"2020-06-27 07:00:00",23.2958333333333
"1144","MOOS",2020-06-27 07:15:00,1711.58064802957,81.5109090909091,"2020-06-27 07:15:00",23.29
"1145","MOOS",2020-06-27 07:30:00,1714.38829812,82.3990909090909,"2020-06-27 07:30:00",23.3333333333333
"1146","MOOS",2020-06-27 07:45:00,1705.96534784863,82.2654545454545,"2020-06-27 07:45:00",23.3316666666667
"1147","MOOS",2020-06-27 08:00:00,1705.02946448512,81.7827272727273,"2020-06-27 08:00:00",23.354
"1148","MOOS",2020-06-27 08:15:00,1700.35004766769,83.5054545454545,"2020-06-27 08:15:00",23.3366666666667
"1149","MOOS",2020-06-27 08:30:00,1694.73474748677,83.5427272727273,"2020-06-27 08:30:00",23.3218181818182
"1150","MOOS",2020-06-27 08:45:00,1692.86298075979,83.37,"2020-06-27 08:45:00",23.45
"1151","MOOS",2020-06-27 09:00:00,1684.44003048839,83.6145454545455,"2020-06-27 09:00:00",23.4114285714286
"1152","MOOS",2020-06-27 09:15:00,1687.24768057885,84.0718181818182,"2020-06-27 09:15:00",23.484
"1153","MOOS",2020-06-27 09:30:00,1683.50414712491,83.7318181818182,"2020-06-27 09:30:00",23.5111111111111
"1154","MOOS",2020-06-27 09:45:00,1682.56826376141,84.09,"2020-06-27 09:45:00",23.45
"1155","MOOS",2020-06-27 10:00:00,1679.76061367095,83.2390909090909,"2020-06-27 10:00:00",23.5216666666667
"1156","MOOS",2020-06-27 10:15:00,1677.88884694397,83.5536363636364,"2020-06-27 10:15:00",23.59
"1157","MOOS",2020-06-27 10:30:00,1672.27354676306,83.7154545454545,"2020-06-27 10:30:00",23.4775
"1158","MOOS",2020-06-27 10:45:00,1666.65824658211,83.5881818181818,"2020-06-27 10:45:00",23.5508333333333
"1159","MOOS",2020-06-27 11:00:00,1669.4658966726,84.6454545454545,"2020-06-27 11:00:00",23.5991666666667
"1160","MOOS",2020-06-27 11:15:00,1666.65824658211,84.5390909090909,"2020-06-27 11:15:00",23.595
"1161","MOOS",2020-06-27 11:30:00,1664.78647985513,84.3890909090909,"2020-06-27 11:30:00",23.6216666666667
"1162","MOOS",2020-06-27 11:45:00,1662.91471312818,84.5863636363636,"2020-06-27 11:45:00",23.6916666666667
"1163","MOOS",2020-06-27 12:00:00,1661.97882976467,84.5809090909091,"2020-06-27 12:00:00",23.6791666666667
"1164","MOOS",2020-06-27 12:15:00,1659.17117967419,83.9245454545455,"2020-06-27 12:15:00",23.69
"1165","MOOS",2020-06-27 12:30:00,1653.55587949327,84.5681818181818,"2020-06-27 12:30:00",23.7366666666667
"1166","MOOS",2020-06-27 12:45:00,1653.55587949327,84.3963636363636,"2020-06-27 12:45:00",23.77
"1167","MOOS",2020-06-27 13:00:00,1649.81234603934,83.6836363636364,"2020-06-27 13:00:00",23.7745454545455
"1168","MOOS",2020-06-27 13:15:00,1647.94057931233,84.9890909090909,"2020-06-27 13:15:00",23.8083333333333
"1169","MOOS",2020-06-27 13:30:00,1643.26116249489,83.7227272727273,"2020-06-27 13:30:00",23.8016666666667
"1170","MOOS",2020-06-27 13:45:00,1642.32527913142,84.5154545454545,"2020-06-27 13:45:00",23.8441666666667
"1171","MOOS",2020-06-27 14:00:00,1638.58174567745,85.4790909090909,"2020-06-27 14:00:00",23.8341666666667
"1172","MOOS",2020-06-27 14:15:00,1637.64586231398,85.4545454545455,"2020-06-27 14:15:00",23.8466666666667
"1173","MOOS",2020-06-27 14:30:00,1632.96644549654,85.8745454545455,"2020-06-27 14:30:00",23.8716666666667
"1174","MOOS",2020-06-27 14:45:00,1635.77409558702,86.0545454545454,"2020-06-27 14:45:00",23.8883333333333
"1175","MOOS",2020-06-27 15:00:00,1634.83821222352,85.3318181818182,"2020-06-27 15:00:00",23.8958333333333
"1176","MOOS",2020-06-27 15:15:00,1632.03056213303,86.0509090909091,"2020-06-27 15:15:00",23.8883333333333
"1177","MOOS",2020-06-27 15:30:00,1628.2870286791,85.4554545454545,"2020-06-27 15:30:00",23.945
"1178","MOOS",2020-06-27 15:45:00,1629.22291204258,85.3281818181818,"2020-06-27 15:45:00",23.9175
"1179","MOOS",2020-06-27 16:00:00,1630.15879540608,85.8072727272727,"2020-06-27 16:00:00",23.93
"1180","MOOS",2020-06-27 16:15:00,1626.41526195212,85.7027272727273,"2020-06-27 16:15:00",23.8991666666667
"1181","MOOS",2020-06-27 16:30:00,1625.47937858861,85.2109090909091,"2020-06-27 16:30:00",23.93
"1182","MOOS",2020-06-27 16:45:00,1623.60761186166,84.5436363636364,"2020-06-27 16:45:00",23.8791666666667
"1183","MOOS",2020-06-27 17:00:00,1618.92819504422,84.8272727272727,"2020-06-27 17:00:00",23.9716666666667
"1184","MOOS",2020-06-27 17:15:00,1618.92819504422,84.8727272727273,"2020-06-27 17:15:00",23.9583333333333
"1185","MOOS",2020-06-27 17:30:00,1613.31289486328,84.9554545454545,"2020-06-27 17:30:00",23.965
"1186","MOOS",2020-06-27 17:45:00,1612.3770114998,85.2072727272727,"2020-06-27 17:45:00",23.965
"1187","MOOS",2020-06-27 18:00:00,1615.18466159026,84.8263636363636,"2020-06-27 18:00:00",23.9366666666667
"1188","MOOS",2020-06-27 18:15:00,1611.4411281363,84.9809090909091,"2020-06-27 18:15:00",23.9866666666667
"1189","MOOS",2020-06-27 18:30:00,1604.88994459188,84.6245454545455,"2020-06-27 18:30:00",23.9391666666667
"1190","MOOS",2020-06-27 18:45:00,1607.69759468237,84.9509090909091,"2020-06-27 18:45:00",23.93
"1191","MOOS",2020-06-27 19:00:00,1599.27464441097,84.9836363636364,"2020-06-27 19:00:00",23.9975
"1192","MOOS",2020-06-27 19:15:00,1600.21052777444,84.3145454545455,"2020-06-27 19:15:00",23.9625
"1193","MOOS",2020-06-27 19:30:00,1597.40287768396,84.35,"2020-06-27 19:30:00",23.9666666666667
"1194","MOOS",2020-06-27 19:45:00,1595.531110957,84.7827272727273,"2020-06-27 19:45:00",23.9691666666667
"1195","MOOS",2020-06-27 20:00:00,1592.72346086652,84.0218181818182,"2020-06-27 20:00:00",23.9916666666667
"1196","MOOS",2020-06-27 20:15:00,1590.85169413956,84.4372727272727,"2020-06-27 20:15:00",23.9716666666667
"1197","MOOS",2020-06-27 20:30:00,1586.1722773221,83.8527272727273,"2020-06-27 20:30:00",23.9508333333333
"1198","MOOS",2020-06-27 20:45:00,1580.55697714118,83.6036363636364,"2020-06-27 20:45:00",23.9133333333333
"1199","MOOS",2020-06-27 21:00:00,1577.74932705073,83.1672727272727,"2020-06-27 21:00:00",23.9283333333333
"1200","MOOS",2020-06-27 21:15:00,1574.00579359676,82.6081818181818,"2020-06-27 21:15:00",23.9233333333333
"1201","MOOS",2020-06-27 21:30:00,1572.13402686978,82.8381818181818,"2020-06-27 21:30:00",23.9083333333333
"1202","MOOS",2020-06-27 21:45:00,1574.00579359676,83.2490909090909,"2020-06-27 21:45:00",23.9383333333333
"1203","MOOS",2020-06-27 22:00:00,1570.2622601428,83.6827272727273,"2020-06-27 22:00:00",23.9141666666667
"1204","MOOS",2020-06-27 22:15:00,1560.90342650792,83.5627272727273,"2020-06-27 22:15:00",23.8983333333333
"1205","MOOS",2020-06-27 22:30:00,1563.71107659838,83.3627272727273,"2020-06-27 22:30:00",23.9341666666667
"1206","MOOS",2020-06-27 22:45:00,1560.90342650792,83.4290909090909,"2020-06-27 22:45:00",23.9641666666667
"1207","MOOS",2020-06-27 23:00:00,1556.22400969049,83.52,"2020-06-27 23:00:00",23.9658333333333
"1208","MOOS",2020-06-27 23:15:00,1552.48047623655,83.93,"2020-06-27 23:15:00",23.8883333333333
"1209","MOOS",2020-06-27 23:30:00,1551.54459287305,83.7727272727273,"2020-06-27 23:30:00",23.9041666666667
"1210","MOOS",2020-06-27 23:45:00,1552.48047623655,83.3890909090909,"2020-06-27 23:45:00",23.915
"1211","MOOS",2020-06-28 00:00:00,1552.48047623655,84.04,"2020-06-28 00:00:00",23.905
"1212","MOOS",2020-06-28 00:15:00,1542.18575923814,83.4272727272727,"2020-06-28 00:15:00",23.8616666666667
"1213","MOOS",2020-06-28 00:30:00,1544.05752596515,83.8063636363636,"2020-06-28 00:30:00",23.8658333333333
"1214","MOOS",2020-06-28 00:45:00,1545.92929269213,83.5127272727273,"2020-06-28 00:45:00",23.9125
"1215","MOOS",2020-06-28 01:00:00,1535.63457569375,83.4363636363636,"2020-06-28 01:00:00",23.8866666666667
"1216","MOOS",2020-06-28 01:15:00,1538.44222578421,83.0954545454545,"2020-06-28 01:15:00",23.8875
"1217","MOOS",2020-06-28 01:30:00,1533.76280896677,82.9354545454545,"2020-06-28 01:30:00",23.8925
"1218","MOOS",2020-06-28 01:45:00,1535.63457569375,82.6172727272727,"2020-06-28 01:45:00",23.9566666666667
"1219","MOOS",2020-06-28 02:00:00,1531.89104223979,81.5790909090909,"2020-06-28 02:00:00",23.9175
"1220","MOOS",2020-06-28 02:15:00,1530.95515887628,82.58,"2020-06-28 02:15:00",23.9383333333333
"1221","MOOS",2020-06-28 02:30:00,1525.33985869537,82.9163636363636,"2020-06-28 02:30:00",23.9275
"1222","MOOS",2020-06-28 02:45:00,1529.08339214933,82.6854545454545,"2020-06-28 02:45:00",23.9116666666667
"1223","MOOS",2020-06-28 03:00:00,1523.46809196839,82.98,"2020-06-28 03:00:00",23.9441666666667
"1224","MOOS",2020-06-28 03:15:00,1521.59632524141,82.8690909090909,"2020-06-28 03:15:00",23.9183333333333
"1225","MOOS",2020-06-28 03:30:00,1519.72455851443,82.4163636363636,"2020-06-28 03:30:00",23.92
"1226","MOOS",2020-06-28 03:45:00,1522.53220860491,81.0609090909091,"2020-06-28 03:45:00",23.9466666666667
"1227","MOOS",2020-06-28 04:00:00,1518.78867515098,81.0790909090909,"2020-06-28 04:00:00",23.9433333333333
"1228","MOOS",2020-06-28 04:15:00,1515.98102506049,82.0654545454545,"2020-06-28 04:15:00",23.9441666666667
"1229","MOOS",2020-06-28 04:30:00,1515.98102506049,82.2309090909091,"2020-06-28 04:30:00",24
"1230","MOOS",2020-06-28 04:45:00,1513.17337497004,81.9218181818182,"2020-06-28 04:45:00",23.9458333333333
"1231","MOOS",2020-06-28 05:00:00,1516.91690842397,82.3954545454545,"2020-06-28 05:00:00",23.955
"1232","MOOS",2020-06-28 05:15:00,1518.78867515098,82.5163636363636,"2020-06-28 05:15:00",23.9908333333333
"1233","MOOS",2020-06-28 05:30:00,1515.04514169699,82.6754545454545,"2020-06-28 05:30:00",24
"1234","MOOS",2020-06-28 05:45:00,1510.36572487955,82.0581818181818,"2020-06-28 05:45:00",23.9766666666667
"1235","MOOS",2020-06-28 06:00:00,1510.36572487955,81.9636363636364,"2020-06-28 06:00:00",23.9983333333333
"1236","MOOS",2020-06-28 06:15:00,1510.36572487955,81.8790909090909,"2020-06-28 06:15:00",23.9941666666667
"1237","MOOS",2020-06-28 06:30:00,1510.36572487955,80.9527272727273,"2020-06-28 06:30:00",23.9866666666667
"1238","MOOS",2020-06-28 06:45:00,1503.81454133513,81.3218181818182,"2020-06-28 06:45:00",24.0433333333333
"1239","MOOS",2020-06-28 07:00:00,1505.68630806211,81.42,"2020-06-28 07:00:00",24.0841666666667
"1240","MOOS",2020-06-28 07:15:00,1511.30160824305,82.3345454545454,"2020-06-28 07:15:00",23.9916666666667
"1241","MOOS",2020-06-28 07:30:00,1516.91690842397,81.73,"2020-06-28 07:30:00",24.04
"1242","MOOS",2020-06-28 07:45:00,1522.53220860491,82.4509090909091,"2020-06-28 07:45:00",24.0758333333333
