"","Site","DateTime","MeanDischarge","fDOM.QSU","strt.no3.1","nitrateuM"
"3233","STRT",2020-07-21 00:30:00,1354.91836031101,NA,"2020-07-21 00:30:00",30.1478571428571
"3234","STRT",2020-07-21 00:45:00,1366.47623807349,NA,"2020-07-21 00:45:00",30.1428571428571
"3235","STRT",2020-07-21 01:00:00,1376.58938111569,NA,"2020-07-21 01:00:00",30.1178571428571
"3236","STRT",2020-07-21 01:15:00,1350.58415615006,NA,"2020-07-21 01:15:00",30.13
"3237","STRT",2020-07-21 01:30:00,1346.2499519891,NA,"2020-07-21 01:30:00",30.0921428571429
"3238","STRT",2020-07-21 01:45:00,1380.92358527664,NA,"2020-07-21 01:45:00",30.0757142857143
"3239","STRT",2020-07-21 02:00:00,1373.69991167507,NA,"2020-07-21 02:00:00",30.0914285714286
"3240","STRT",2020-07-21 02:15:00,1372.25517695473,NA,"2020-07-21 02:15:00",30.0735714285714
"3241","STRT",2020-07-21 02:30:00,1360.69729919225,NA,"2020-07-21 02:30:00",30.0885714285714
"3242","STRT",2020-07-21 02:45:00,1369.36570751411,NA,"2020-07-21 02:45:00",30.0864285714286
"3243","STRT",2020-07-21 03:00:00,1376.58938111569,NA,"2020-07-21 03:00:00",30.0521428571429
"3244","STRT",2020-07-21 03:15:00,1385.25778943754,NA,"2020-07-21 03:15:00",30.0514285714286
"3245","STRT",2020-07-21 03:30:00,1383.81305471726,NA,"2020-07-21 03:30:00",30.0571428571429
"3246","STRT",2020-07-21 03:45:00,1382.36831999692,NA,"2020-07-21 03:45:00",30.0142857142857
"3247","STRT",2020-07-21 04:00:00,1386.70252415788,NA,"2020-07-21 04:00:00",29.9935714285714
"3248","STRT",2020-07-21 04:15:00,1389.5919935985,NA,"2020-07-21 04:15:00",29.9635714285714
"3249","STRT",2020-07-21 04:30:00,1386.70252415788,NA,"2020-07-21 04:30:00",29.955
"3250","STRT",2020-07-21 04:45:00,1389.5919935985,NA,"2020-07-21 04:45:00",29.9207142857143
"3251","STRT",2020-07-21 05:00:00,1399.7051366407,NA,"2020-07-21 05:00:00",29.8935714285714
"3252","STRT",2020-07-21 05:15:00,1391.03672831878,NA,"2020-07-21 05:15:00",29.8614285714286
"3253","STRT",2020-07-21 05:30:00,1396.81566720008,NA,"2020-07-21 05:30:00",29.8464285714286
"3254","STRT",2020-07-21 05:45:00,1396.81566720008,NA,"2020-07-21 05:45:00",29.8021428571429
"3255","STRT",2020-07-21 06:00:00,1402.59460608131,NA,"2020-07-21 06:00:00",29.7871428571429
"3256","STRT",2020-07-21 06:15:00,1406.92881024227,NA,"2020-07-21 06:15:00",29.7228571428571
"3257","STRT",2020-07-21 06:30:00,1405.48407552193,NA,"2020-07-21 06:30:00",29.6885714285714
"3258","STRT",2020-07-21 06:45:00,1402.59460608131,NA,"2020-07-21 06:45:00",29.6521428571429
"3259","STRT",2020-07-21 07:00:00,1412.70774912351,NA,"2020-07-21 07:00:00",29.5864285714286
"3260","STRT",2020-07-21 07:15:00,1421.37615744543,NA,"2020-07-21 07:15:00",29.5707142857143
"3261","STRT",2020-07-21 07:30:00,1428.59983104694,NA,"2020-07-21 07:30:00",29.5285714285714
"3262","STRT",2020-07-21 07:45:00,1430.04456576728,NA,"2020-07-21 07:45:00",29.51
"3263","STRT",2020-07-21 08:00:00,1417.04195328441,NA,"2020-07-21 08:00:00",29.4764285714286
"3264","STRT",2020-07-21 08:15:00,1422.82089216571,NA,"2020-07-21 08:15:00",29.4271428571429
"3265","STRT",2020-07-21 08:30:00,1430.04456576728,NA,"2020-07-21 08:30:00",29.4021428571429
"3266","STRT",2020-07-21 08:45:00,1432.9340352079,NA,"2020-07-21 08:45:00",29.3464285714286
"3267","STRT",2020-07-21 09:00:00,1438.71297408914,NA,"2020-07-21 09:00:00",29.3135714285714
"3268","STRT",2020-07-21 09:15:00,1432.9340352079,NA,"2020-07-21 09:15:00",29.2985714285714
"3269","STRT",2020-07-21 09:30:00,1438.71297408914,NA,"2020-07-21 09:30:00",29.275
"3270","STRT",2020-07-21 09:45:00,1432.9340352079,NA,"2020-07-21 09:45:00",29.1735714285714
"3271","STRT",2020-07-21 10:00:00,1441.60244352982,NA,"2020-07-21 10:00:00",29.1621428571429
"3272","STRT",2020-07-21 10:15:00,1448.82611713134,NA,"2020-07-21 10:15:00",29.1164285714286
"3273","STRT",2020-07-21 10:30:00,1456.04979073291,NA,"2020-07-21 10:30:00",29.0757142857143
"3274","STRT",2020-07-21 10:45:00,1460.38399489387,NA,"2020-07-21 10:45:00",29.0457142857143
"3275","STRT",2020-07-21 11:00:00,1445.93664769072,NA,"2020-07-21 11:00:00",28.9842857142857
"3276","STRT",2020-07-21 11:15:00,1450.27085185167,NA,"2020-07-21 11:15:00",28.9135714285714
"3277","STRT",2020-07-21 11:30:00,1444.49191297038,NA,"2020-07-21 11:30:00",28.8392857142857
"3278","STRT",2020-07-21 11:45:00,1456.04979073291,NA,"2020-07-21 11:45:00",28.815
"3279","STRT",2020-07-21 12:00:00,1457.49452545325,NA,"2020-07-21 12:00:00",28.7278571428571
"3280","STRT",2020-07-21 12:15:00,1456.04979073291,NA,"2020-07-21 12:15:00",28.6742857142857
"3281","STRT",2020-07-21 12:30:00,1460.38399489387,NA,"2020-07-21 12:30:00",28.6035714285714
"3282","STRT",2020-07-21 12:45:00,1457.49452545325,NA,"2020-07-21 12:45:00",28.5107142857143
"3283","STRT",2020-07-21 13:00:00,1464.71819905483,NA,"2020-07-21 13:00:00",28.4378571428571
"3284","STRT",2020-07-21 13:15:00,1467.60766849545,NA,"2020-07-21 13:15:00",28.3492857142857
"3285","STRT",2020-07-21 13:30:00,1464.71819905483,NA,"2020-07-21 13:30:00",28.2914285714286
"3286","STRT",2020-07-21 13:45:00,1467.60766849545,NA,"2020-07-21 13:45:00",28.2021428571429
"3287","STRT",2020-07-21 14:00:00,1467.60766849545,NA,"2020-07-21 14:00:00",28.1192857142857
"3288","STRT",2020-07-21 14:15:00,1470.49713793606,NA,"2020-07-21 14:15:00",28.0557142857143
"3289","STRT",2020-07-21 14:30:00,1469.05240321573,NA,"2020-07-21 14:30:00",27.9571428571429
"3290","STRT",2020-07-21 14:45:00,1470.49713793606,NA,"2020-07-21 14:45:00",27.8914285714286
"3291","STRT",2020-07-21 15:00:00,1474.83134209702,NA,"2020-07-21 15:00:00",27.8321428571429
"3292","STRT",2020-07-21 15:15:00,1471.94187265635,NA,"2020-07-21 15:15:00",27.7635714285714
"3293","STRT",2020-07-21 15:30:00,1467.60766849545,NA,"2020-07-21 15:30:00",27.6964285714286
"3294","STRT",2020-07-21 15:45:00,1474.83134209702,NA,"2020-07-21 15:45:00",27.61
"3295","STRT",2020-07-21 16:00:00,1469.05240321573,NA,"2020-07-21 16:00:00",27.5378571428571
"3296","STRT",2020-07-21 16:15:00,1466.16293377511,NA,"2020-07-21 16:15:00",27.4857142857143
"3297","STRT",2020-07-21 16:30:00,1479.16554625792,NA,"2020-07-21 16:30:00",27.3935714285714
"3298","STRT",2020-07-21 16:45:00,1476.2760768173,NA,"2020-07-21 16:45:00",27.3092857142857
"3299","STRT",2020-07-21 17:00:00,1474.83134209702,NA,"2020-07-21 17:00:00",27.2985714285714
"3300","STRT",2020-07-21 17:15:00,1470.49713793606,NA,"2020-07-21 17:15:00",27.2414285714286
"3301","STRT",2020-07-21 17:30:00,1480.61028097826,NA,"2020-07-21 17:30:00",27.1528571428571
"3302","STRT",2020-07-21 17:45:00,1466.16293377511,NA,"2020-07-21 17:45:00",27.1178571428571
"3303","STRT",2020-07-21 18:00:00,1473.38660737668,NA,"2020-07-21 18:00:00",27.0557142857143
"3304","STRT",2020-07-21 18:15:00,1470.49713793606,NA,"2020-07-21 18:15:00",27.0092857142857
"3305","STRT",2020-07-21 18:30:00,1467.60766849545,NA,"2020-07-21 18:30:00",26.9564285714286
"3306","STRT",2020-07-21 18:45:00,1463.27346433449,NA,"2020-07-21 18:45:00",26.9392857142857
"3307","STRT",2020-07-21 19:00:00,1463.27346433449,NA,"2020-07-21 19:00:00",26.9121428571429
"3308","STRT",2020-07-21 19:15:00,1464.71819905483,NA,"2020-07-21 19:15:00",26.8428571428571
"3309","STRT",2020-07-21 19:30:00,1460.38399489387,NA,"2020-07-21 19:30:00",26.8235714285714
"3310","STRT",2020-07-21 19:45:00,1467.60766849545,NA,"2020-07-21 19:45:00",26.7942857142857
"3311","STRT",2020-07-21 20:00:00,1463.27346433449,NA,"2020-07-21 20:00:00",26.7707142857143
"3312","STRT",2020-07-21 20:15:00,1463.27346433449,NA,"2020-07-21 20:15:00",26.7607142857143
"3313","STRT",2020-07-21 20:30:00,1456.04979073291,NA,"2020-07-21 20:30:00",26.7378571428571
"3314","STRT",2020-07-21 20:45:00,1464.71819905483,NA,"2020-07-21 20:45:00",26.6835714285714
"3315","STRT",2020-07-21 21:00:00,1467.60766849545,NA,"2020-07-21 21:00:00",26.6771428571429
"3316","STRT",2020-07-21 21:15:00,1456.04979073291,NA,"2020-07-21 21:15:00",26.665
"3317","STRT",2020-07-21 21:30:00,1460.38399489387,NA,"2020-07-21 21:30:00",26.6207142857143
"3318","STRT",2020-07-21 21:45:00,1464.71819905483,NA,"2020-07-21 21:45:00",26.6314285714286
"3319","STRT",2020-07-21 22:00:00,1448.82611713134,NA,"2020-07-21 22:00:00",26.645
"3320","STRT",2020-07-21 22:15:00,1454.60505601263,NA,"2020-07-21 22:15:00",26.6392857142857
"3321","STRT",2020-07-21 22:30:00,1461.82872961415,NA,"2020-07-21 22:30:00",26.6
"3322","STRT",2020-07-21 22:45:00,1456.04979073291,NA,"2020-07-21 22:45:00",26.5971428571429
"3323","STRT",2020-07-21 23:00:00,1458.93926017359,NA,"2020-07-21 23:00:00",26.6278571428571
"3324","STRT",2020-07-21 23:15:00,1451.71558657195,NA,"2020-07-21 23:15:00",26.6228571428571
"3325","STRT",2020-07-21 23:30:00,1451.71558657195,NA,"2020-07-21 23:30:00",26.6021428571429
"3326","STRT",2020-07-21 23:45:00,1450.27085185167,NA,"2020-07-21 23:45:00",26.6278571428571
"3327","STRT",2020-07-22 00:00:00,1443.0471782501,NA,"2020-07-22 00:00:00",26.6185714285714
"3328","STRT",2020-07-22 00:15:00,1454.60505601263,NA,"2020-07-22 00:15:00",26.6421428571429
"3329","STRT",2020-07-22 00:30:00,1447.38138241105,NA,"2020-07-22 00:30:00",26.6478571428571
"3330","STRT",2020-07-22 00:45:00,1445.93664769072,NA,"2020-07-22 00:45:00",26.6371428571429
"3331","STRT",2020-07-22 01:00:00,1447.38138241105,NA,"2020-07-22 01:00:00",26.6771428571429
"3332","STRT",2020-07-22 01:15:00,1444.49191297038,NA,"2020-07-22 01:15:00",26.6814285714286
"3333","STRT",2020-07-22 01:30:00,1448.82611713134,NA,"2020-07-22 01:30:00",26.7028571428571
"3334","STRT",2020-07-22 01:45:00,1451.71558657195,NA,"2020-07-22 01:45:00",26.6885714285714
"3335","STRT",2020-07-22 02:00:00,1448.82611713134,NA,"2020-07-22 02:00:00",26.7435714285714
"3336","STRT",2020-07-22 02:15:00,1448.82611713134,NA,"2020-07-22 02:15:00",26.7392857142857
"3337","STRT",2020-07-22 02:30:00,1440.15770880948,NA,"2020-07-22 02:30:00",26.7528571428571
"3338","STRT",2020-07-22 02:45:00,1441.60244352982,NA,"2020-07-22 02:45:00",26.785
"3339","STRT",2020-07-22 03:00:00,1437.26823936886,NA,"2020-07-22 03:00:00",26.7792857142857
"3340","STRT",2020-07-22 03:15:00,1431.48930048762,NA,"2020-07-22 03:15:00",26.81
"3341","STRT",2020-07-22 03:30:00,1435.82350464852,NA,"2020-07-22 03:30:00",26.78
"3342","STRT",2020-07-22 03:45:00,1430.04456576728,NA,"2020-07-22 03:45:00",26.8178571428571
"3343","STRT",2020-07-22 04:00:00,1435.82350464852,NA,"2020-07-22 04:00:00",26.8478571428571
"3344","STRT",2020-07-22 04:15:00,1438.71297408914,NA,"2020-07-22 04:15:00",1.90071428571429
"3345","STRT",2020-07-22 04:30:00,1434.37876992818,NA,"2020-07-22 04:30:00",1.885
"3346","STRT",2020-07-22 04:45:00,1425.71036160633,NA,"2020-07-22 04:45:00",2.07714285714286
"3347","STRT",2020-07-22 05:00:00,1434.37876992818,NA,NA,NA
"3348","STRT",2020-07-22 05:15:00,1431.48930048762,NA,"2020-07-22 05:15:00",2.03306188925081
"3349","STRT",2020-07-22 05:30:00,1435.82350464852,NA,"2020-07-22 05:30:00",2.53853658536585
"3350","STRT",2020-07-22 05:45:00,1434.37876992818,NA,"2020-07-22 05:45:00",2.96857142857143
"3351","STRT",2020-07-22 06:00:00,1438.71297408914,NA,"2020-07-22 06:00:00",27.0878571428571
"3352","STRT",2020-07-22 06:15:00,1441.60244352982,NA,"2020-07-22 06:15:00",27.1821428571429
"3353","STRT",2020-07-22 06:30:00,1432.9340352079,NA,"2020-07-22 06:30:00",27.2192857142857
"3354","STRT",2020-07-22 06:45:00,1440.15770880948,NA,"2020-07-22 06:45:00",27.2578571428571
"3355","STRT",2020-07-22 07:00:00,1445.93664769072,NA,"2020-07-22 07:00:00",27.2707142857143
"3356","STRT",2020-07-22 07:15:00,1443.0471782501,NA,"2020-07-22 07:15:00",27.2635714285714
"3357","STRT",2020-07-22 07:30:00,1445.93664769072,NA,"2020-07-22 07:30:00",27.2207142857143
"3358","STRT",2020-07-22 07:45:00,1444.49191297038,NA,"2020-07-22 07:45:00",27.2442857142857
"3359","STRT",2020-07-22 08:00:00,1440.15770880948,NA,"2020-07-22 08:00:00",27.2907142857143
"3360","STRT",2020-07-22 08:15:00,1440.15770880948,NA,"2020-07-22 08:15:00",27.3271428571429
"3361","STRT",2020-07-22 08:30:00,1437.26823936886,66.7363636363636,"2020-07-22 08:30:00",27.3257142857143
"3362","STRT",2020-07-22 08:45:00,1448.82611713134,66.8981818181818,"2020-07-22 08:45:00",27.3185714285714
"3363","STRT",2020-07-22 09:00:00,1444.49191297038,66.7936363636364,"2020-07-22 09:00:00",27.3207142857143
"3364","STRT",2020-07-22 09:15:00,1437.26823936886,66.8954545454545,"2020-07-22 09:15:00",27.3064285714286
"3365","STRT",2020-07-22 09:30:00,1431.48930048762,67.5409090909091,"2020-07-22 09:30:00",27.3271428571429
"3366","STRT",2020-07-22 09:45:00,1432.9340352079,67.6254545454545,"2020-07-22 09:45:00",27.3314285714286
"3367","STRT",2020-07-22 10:00:00,1430.04456576728,67.4872727272727,"2020-07-22 10:00:00",27.3328571428571
"3368","STRT",2020-07-22 10:15:00,1437.26823936886,67.7690909090909,"2020-07-22 10:15:00",27.385
"3369","STRT",2020-07-22 10:30:00,1432.9340352079,68.0536363636364,"2020-07-22 10:30:00",27.3842857142857
"3370","STRT",2020-07-22 10:45:00,1438.71297408914,68.1290909090909,"2020-07-22 10:45:00",27.3842857142857
"3371","STRT",2020-07-22 11:00:00,1440.15770880948,67.8654545454545,"2020-07-22 11:00:00",27.4307142857143
"3372","STRT",2020-07-22 11:15:00,1430.04456576728,67.9181818181818,"2020-07-22 11:15:00",27.4357142857143
"3373","STRT",2020-07-22 11:30:00,1432.9340352079,67.55,"2020-07-22 11:30:00",27.47
"3374","STRT",2020-07-22 11:45:00,1425.71036160633,67.8945454545455,"2020-07-22 11:45:00",27.4771428571429
"3375","STRT",2020-07-22 12:00:00,1430.04456576728,67.6963636363636,"2020-07-22 12:00:00",27.495
"3376","STRT",2020-07-22 12:15:00,1427.15509632666,3.68090909090909,"2020-07-22 12:15:00",27.5107142857143
"3377","STRT",2020-07-22 12:30:00,1428.59983104694,3.54454545454545,"2020-07-22 12:30:00",27.5007142857143
"3378","STRT",2020-07-22 12:45:00,1430.04456576728,NA,"2020-07-22 12:45:00",27.5214285714286
"3379","STRT",2020-07-22 13:00:00,1430.04456576728,NA,"2020-07-22 13:00:00",27.5721428571429
"3380","STRT",2020-07-22 13:15:00,1427.15509632666,3.16,"2020-07-22 13:15:00",27.5757142857143
"3381","STRT",2020-07-22 13:30:00,1422.82089216571,3.17090909090909,"2020-07-22 13:30:00",27.6014285714286
"3382","STRT",2020-07-22 13:45:00,1430.04456576728,3.28545454545455,"2020-07-22 13:45:00",27.6585714285714
"3383","STRT",2020-07-22 14:00:00,1434.37876992818,66.7009090909091,"2020-07-22 14:00:00",27.6621428571429
"3384","STRT",2020-07-22 14:15:00,1422.82089216571,67.0818181818182,"2020-07-22 14:15:00",27.7128571428571
"3385","STRT",2020-07-22 14:30:00,1430.04456576728,66.9772727272727,"2020-07-22 14:30:00",27.7364285714286
"3386","STRT",2020-07-22 14:45:00,1431.48930048762,67.0309090909091,"2020-07-22 14:45:00",27.7692857142857
"3387","STRT",2020-07-22 15:00:00,1425.71036160633,67.3154545454545,"2020-07-22 15:00:00",27.8114285714286
"3388","STRT",2020-07-22 15:15:00,1422.82089216571,66.9509090909091,"2020-07-22 15:15:00",27.85
"3389","STRT",2020-07-22 15:30:00,1418.48668800475,66.7609090909091,"2020-07-22 15:30:00",27.88
"3390","STRT",2020-07-22 15:45:00,1421.37615744543,67.2227272727273,"2020-07-22 15:45:00",27.9135714285714
"3391","STRT",2020-07-22 16:00:00,1419.93142272509,67.5390909090909,"2020-07-22 16:00:00",27.9578571428571
"3392","STRT",2020-07-22 16:15:00,1422.82089216571,67.45,"2020-07-22 16:15:00",27.9807142857143
"3393","STRT",2020-07-22 16:30:00,1424.26562688604,67.7190909090909,"2020-07-22 16:30:00",28.025
"3394","STRT",2020-07-22 16:45:00,1419.93142272509,67.5327272727273,"2020-07-22 16:45:00",28.0578571428571
"3395","STRT",2020-07-22 17:00:00,1418.48668800475,67.3727272727273,"2020-07-22 17:00:00",28.0964285714286
"3396","STRT",2020-07-22 17:15:00,1421.37615744543,67.1618181818182,"2020-07-22 17:15:00",28.14
"3397","STRT",2020-07-22 17:30:00,1415.59721856419,67.2481818181818,"2020-07-22 17:30:00",28.1585714285714
"3398","STRT",2020-07-22 17:45:00,1411.26301440317,66.9881818181818,"2020-07-22 17:45:00",28.215
"3399","STRT",2020-07-22 18:00:00,1417.04195328441,67.4745454545454,"2020-07-22 18:00:00",28.2085714285714
"3400","STRT",2020-07-22 18:15:00,1421.37615744543,67.4118181818182,"2020-07-22 18:15:00",28.2457142857143
"3401","STRT",2020-07-22 18:30:00,1412.70774912351,67.3945454545455,"2020-07-22 18:30:00",28.295
"3402","STRT",2020-07-22 18:45:00,1419.93142272509,67.2654545454545,"2020-07-22 18:45:00",28.31
"3403","STRT",2020-07-22 19:00:00,1409.81827968289,67.29,"2020-07-22 19:00:00",28.4057142857143
"3404","STRT",2020-07-22 19:15:00,1418.48668800475,67.3463636363636,"2020-07-22 19:15:00",28.3714285714286
"3405","STRT",2020-07-22 19:30:00,1414.15248384385,67.2790909090909,"2020-07-22 19:30:00",28.4178571428571
"3406","STRT",2020-07-22 19:45:00,1414.15248384385,67.3636363636364,"2020-07-22 19:45:00",28.4364285714286
"3407","STRT",2020-07-22 20:00:00,1411.26301440317,67.5072727272727,"2020-07-22 20:00:00",28.4635714285714
"3408","STRT",2020-07-22 20:15:00,1404.03934080165,67.4681818181818,"2020-07-22 20:15:00",28.4957142857143
"3409","STRT",2020-07-22 20:30:00,1405.48407552193,67.5963636363636,"2020-07-22 20:30:00",28.55
"3410","STRT",2020-07-22 20:45:00,1412.70774912351,67.59,"2020-07-22 20:45:00",28.5585714285714
"3411","STRT",2020-07-22 21:00:00,1404.03934080165,67.7781818181818,"2020-07-22 21:00:00",28.5842857142857
"3412","STRT",2020-07-22 21:15:00,1409.81827968289,67.6136363636364,"2020-07-22 21:15:00",28.5971428571429
"3413","STRT",2020-07-22 21:30:00,1414.15248384385,67.8081818181818,"2020-07-22 21:30:00",28.6128571428571
"3414","STRT",2020-07-22 21:45:00,1411.26301440317,68.0918181818182,"2020-07-22 21:45:00",28.6371428571429
"3415","STRT",2020-07-22 22:00:00,1411.26301440317,68.26,"2020-07-22 22:00:00",28.6821428571429
"3416","STRT",2020-07-22 22:15:00,1406.92881024227,68.0918181818182,"2020-07-22 22:15:00",28.6985714285714
"3417","STRT",2020-07-22 22:30:00,1404.03934080165,68.2281818181818,"2020-07-22 22:30:00",28.7121428571429
"3418","STRT",2020-07-22 22:45:00,1405.48407552193,68.3527272727273,"2020-07-22 22:45:00",28.7142857142857
"3419","STRT",2020-07-22 23:00:00,1408.37354496255,68.4436363636364,"2020-07-22 23:00:00",28.7535714285714
"3420","STRT",2020-07-22 23:15:00,1404.03934080165,68.3063636363636,"2020-07-22 23:15:00",28.7871428571429
"3421","STRT",2020-07-22 23:30:00,1409.81827968289,68.2781818181818,"2020-07-22 23:30:00",28.805
"3422","STRT",2020-07-22 23:45:00,1391.03672831878,68.2409090909091,"2020-07-22 23:45:00",28.8157142857143
"3423","STRT",2020-07-23 00:00:00,1408.37354496255,68.3809090909091,"2020-07-23 00:00:00",28.8478571428571
"3424","STRT",2020-07-23 00:15:00,1402.59460608131,68.3990909090909,"2020-07-23 00:15:00",28.865
"3425","STRT",2020-07-23 00:30:00,1399.7051366407,68.3781818181818,"2020-07-23 00:30:00",28.8785714285714
"3426","STRT",2020-07-23 00:45:00,1399.7051366407,68.4327272727273,"2020-07-23 00:45:00",28.9107142857143
"3427","STRT",2020-07-23 01:00:00,1399.7051366407,68.4963636363636,"2020-07-23 01:00:00",28.9121428571429
"3428","STRT",2020-07-23 01:15:00,1399.7051366407,68.5872727272727,"2020-07-23 01:15:00",28.9214285714286
"3429","STRT",2020-07-23 01:30:00,1396.81566720008,68.6172727272727,"2020-07-23 01:30:00",28.9435714285714
"3430","STRT",2020-07-23 01:45:00,1392.48146303912,68.6072727272727,"2020-07-23 01:45:00",28.9764285714286
"3431","STRT",2020-07-23 02:00:00,1392.48146303912,68.5063636363636,"2020-07-23 02:00:00",28.98
"3432","STRT",2020-07-23 02:15:00,1399.7051366407,68.3545454545455,"2020-07-23 02:15:00",28.9907142857143
"3433","STRT",2020-07-23 02:30:00,1396.81566720008,68.5836363636364,"2020-07-23 02:30:00",29.0221428571429
"3434","STRT",2020-07-23 02:45:00,1399.7051366407,68.6527272727273,"2020-07-23 02:45:00",29.0564285714286
"3435","STRT",2020-07-23 03:00:00,1395.37093247974,68.7636363636364,"2020-07-23 03:00:00",29.0807142857143
"3436","STRT",2020-07-23 03:15:00,1396.81566720008,68.8536363636364,"2020-07-23 03:15:00",29.11
"3437","STRT",2020-07-23 03:30:00,1396.81566720008,68.9590909090909,"2020-07-23 03:30:00",29.095
"3438","STRT",2020-07-23 03:45:00,1398.26040192042,68.8518181818182,"2020-07-23 03:45:00",29.1428571428571
"3439","STRT",2020-07-23 04:00:00,1396.81566720008,69.0409090909091,"2020-07-23 04:00:00",29.1478571428571
"3440","STRT",2020-07-23 04:15:00,1402.59460608131,69.0345454545455,"2020-07-23 04:15:00",29.1628571428571
"3441","STRT",2020-07-23 04:30:00,1398.26040192042,68.9681818181818,"2020-07-23 04:30:00",29.1821428571429
"3442","STRT",2020-07-23 04:45:00,1386.70252415788,69.0181818181818,"2020-07-23 04:45:00",29.2164285714286
"3443","STRT",2020-07-23 05:00:00,1398.26040192042,68.9518181818182,"2020-07-23 05:00:00",29.2214285714286
"3444","STRT",2020-07-23 05:15:00,1398.26040192042,68.9372727272727,"2020-07-23 05:15:00",29.2328571428571
"3445","STRT",2020-07-23 05:30:00,1395.37093247974,69.1236363636364,"2020-07-23 05:30:00",29.2257142857143
"3446","STRT",2020-07-23 05:45:00,1395.37093247974,69.2118181818182,"2020-07-23 05:45:00",29.2635714285714
"3447","STRT",2020-07-23 06:00:00,1391.03672831878,69.2027272727273,"2020-07-23 06:00:00",29.2971428571429
"3448","STRT",2020-07-23 06:15:00,1395.37093247974,69.2381818181818,"2020-07-23 06:15:00",29.2935714285714
"3449","STRT",2020-07-23 06:30:00,1395.37093247974,69.2763636363636,"2020-07-23 06:30:00",29.3185714285714
"3450","STRT",2020-07-23 06:45:00,1392.48146303912,69.3009090909091,"2020-07-23 06:45:00",29.3378571428571
"3451","STRT",2020-07-23 07:00:00,1405.48407552193,69.3445454545455,"2020-07-23 07:00:00",29.3328571428571
"3452","STRT",2020-07-23 07:15:00,1398.26040192042,69.3263636363636,"2020-07-23 07:15:00",29.3521428571429
"3453","STRT",2020-07-23 07:30:00,1392.48146303912,69.3881818181818,"2020-07-23 07:30:00",29.3507142857143
"3454","STRT",2020-07-23 07:45:00,1383.81305471726,69.4318181818182,"2020-07-23 07:45:00",29.3642857142857
"3455","STRT",2020-07-23 08:00:00,1392.48146303912,69.4045454545455,"2020-07-23 08:00:00",29.3571428571429
"3456","STRT",2020-07-23 08:15:00,1393.92619775946,69.3672727272727,"2020-07-23 08:15:00",29.3821428571429
"3457","STRT",2020-07-23 08:30:00,1391.03672831878,69.3645454545454,"2020-07-23 08:30:00",29.3778571428571
"3458","STRT",2020-07-23 08:45:00,1393.92619775946,69.1054545454545,"2020-07-23 08:45:00",29.3657142857143
"3459","STRT",2020-07-23 09:00:00,1392.48146303912,69.2736363636364,"2020-07-23 09:00:00",29.3821428571429
"3460","STRT",2020-07-23 09:15:00,1391.03672831878,69.1390909090909,"2020-07-23 09:15:00",29.4078571428571
"3461","STRT",2020-07-23 09:30:00,1393.92619775946,69.1681818181818,"2020-07-23 09:30:00",29.4092857142857
"3462","STRT",2020-07-23 09:45:00,1396.81566720008,69.1554545454545,"2020-07-23 09:45:00",29.4121428571429
"3463","STRT",2020-07-23 10:00:00,1395.37093247974,69.0663636363636,"2020-07-23 10:00:00",29.4357142857143
"3464","STRT",2020-07-23 10:15:00,1398.26040192042,68.8936363636364,"2020-07-23 10:15:00",29.4207142857143
"3465","STRT",2020-07-23 10:30:00,1395.37093247974,68.7436363636364,"2020-07-23 10:30:00",29.4371428571429
"3466","STRT",2020-07-23 10:45:00,1398.26040192042,68.4854545454545,"2020-07-23 10:45:00",29.4257142857143
"3467","STRT",2020-07-23 11:00:00,1389.5919935985,68.4554545454545,"2020-07-23 11:00:00",29.4178571428571
"3468","STRT",2020-07-23 11:15:00,1389.5919935985,68.3890909090909,"2020-07-23 11:15:00",29.4257142857143
"3469","STRT",2020-07-23 11:30:00,1392.48146303912,68.17,"2020-07-23 11:30:00",29.4428571428571
"3470","STRT",2020-07-23 11:45:00,1389.5919935985,67.8936363636364,"2020-07-23 11:45:00",29.4192857142857
"3471","STRT",2020-07-23 12:00:00,1396.81566720008,67.5672727272727,"2020-07-23 12:00:00",29.445
"3472","STRT",2020-07-23 12:15:00,1395.37093247974,67.2727272727273,"2020-07-23 12:15:00",29.4428571428571
"3473","STRT",2020-07-23 12:30:00,1398.26040192042,66.8709090909091,"2020-07-23 12:30:00",29.4478571428571
"3474","STRT",2020-07-23 12:45:00,1392.48146303912,66.4163636363636,"2020-07-23 12:45:00",29.4914285714286
"3475","STRT",2020-07-23 13:00:00,1395.37093247974,66.1145454545454,"2020-07-23 13:00:00",29.4942857142857
"3476","STRT",2020-07-23 13:15:00,1401.14987136098,65.8236363636364,"2020-07-23 13:15:00",29.4992857142857
"3477","STRT",2020-07-23 13:30:00,1405.48407552193,65.3663636363636,"2020-07-23 13:30:00",29.4964285714286
"3478","STRT",2020-07-23 13:45:00,1398.26040192042,65.3809090909091,"2020-07-23 13:45:00",29.5264285714286
"3479","STRT",2020-07-23 14:00:00,1399.7051366407,65.0127272727273,"2020-07-23 14:00:00",29.5357142857143
"3480","STRT",2020-07-23 14:15:00,1399.7051366407,64.5209090909091,"2020-07-23 14:15:00",29.5342857142857
"3481","STRT",2020-07-23 14:30:00,1396.81566720008,64.3154545454545,"2020-07-23 14:30:00",29.5757142857143
"3482","STRT",2020-07-23 14:45:00,1396.81566720008,64.0381818181818,"2020-07-23 14:45:00",29.5914285714286
"3483","STRT",2020-07-23 15:00:00,1393.92619775946,64.0081818181818,"2020-07-23 15:00:00",29.6135714285714
"3484","STRT",2020-07-23 15:15:00,1399.7051366407,63.7745454545455,"2020-07-23 15:15:00",29.6414285714286
"3485","STRT",2020-07-23 15:30:00,1395.37093247974,63.3163636363636,"2020-07-23 15:30:00",29.6478571428571
"3486","STRT",2020-07-23 15:45:00,1395.37093247974,62.9836363636364,"2020-07-23 15:45:00",29.6607142857143
"3487","STRT",2020-07-23 16:00:00,1393.92619775946,62.6672727272727,"2020-07-23 16:00:00",29.6571428571429
"3488","STRT",2020-07-23 16:15:00,1392.48146303912,62.4645454545455,"2020-07-23 16:15:00",29.6721428571429
"3489","STRT",2020-07-23 16:30:00,1392.48146303912,62.4418181818182,"2020-07-23 16:30:00",29.68
"3490","STRT",2020-07-23 16:45:00,1396.81566720008,62.3381818181818,"2020-07-23 16:45:00",29.7364285714286
"3491","STRT",2020-07-23 17:00:00,1396.81566720008,62.1990909090909,"2020-07-23 17:00:00",29.7514285714286
"3492","STRT",2020-07-23 17:15:00,1389.5919935985,62.0545454545455,"2020-07-23 17:15:00",29.7457142857143
"3493","STRT",2020-07-23 17:30:00,1385.25778943754,61.8681818181818,"2020-07-23 17:30:00",29.7764285714286
"3494","STRT",2020-07-23 17:45:00,1396.81566720008,61.8290909090909,"2020-07-23 17:45:00",29.7878571428571
"3495","STRT",2020-07-23 18:00:00,1398.26040192042,61.2281818181818,"2020-07-23 18:00:00",29.7935714285714
"3496","STRT",2020-07-23 18:15:00,1391.03672831878,61.6281818181818,"2020-07-23 18:15:00",29.8157142857143
"3497","STRT",2020-07-23 18:30:00,1398.26040192042,61.4963636363636,"2020-07-23 18:30:00",29.825
"3498","STRT",2020-07-23 18:45:00,1389.5919935985,61.5090909090909,"2020-07-23 18:45:00",29.8328571428571
"3499","STRT",2020-07-23 19:00:00,1388.14725887822,61.3963636363636,"2020-07-23 19:00:00",29.8478571428571
"3500","STRT",2020-07-23 19:15:00,1393.92619775946,61.3763636363636,"2020-07-23 19:15:00",29.8721428571429
"3501","STRT",2020-07-23 19:30:00,1388.14725887822,61.43,"2020-07-23 19:30:00",29.9014285714286
"3502","STRT",2020-07-23 19:45:00,1392.48146303912,60.8609090909091,"2020-07-23 19:45:00",29.9028571428571
"3503","STRT",2020-07-23 20:00:00,1388.14725887822,61.3745454545455,"2020-07-23 20:00:00",29.8885714285714
"3504","STRT",2020-07-23 20:15:00,1395.37093247974,61.3854545454545,"2020-07-23 20:15:00",29.9192857142857
"3505","STRT",2020-07-23 20:30:00,1392.48146303912,61.3754545454545,"2020-07-23 20:30:00",29.96
"3506","STRT",2020-07-23 20:45:00,1391.03672831878,61.4118181818182,"2020-07-23 20:45:00",29.9578571428571
"3507","STRT",2020-07-23 21:00:00,1386.70252415788,61.4936363636364,"2020-07-23 21:00:00",29.9542857142857
"3508","STRT",2020-07-23 21:15:00,1392.48146303912,61.5254545454545,"2020-07-23 21:15:00",29.9807142857143
"3509","STRT",2020-07-23 21:30:00,1383.81305471726,61.5481818181818,"2020-07-23 21:30:00",29.9778571428571
"3510","STRT",2020-07-23 21:45:00,1395.37093247974,61.6418181818182,"2020-07-23 21:45:00",30.0021428571429
"3511","STRT",2020-07-23 22:00:00,1391.03672831878,61.5745454545455,"2020-07-23 22:00:00",30.0135714285714
"3512","STRT",2020-07-23 22:15:00,1389.5919935985,61.7472727272727,"2020-07-23 22:15:00",30.0185714285714
"3513","STRT",2020-07-23 22:30:00,1393.92619775946,61.7863636363636,"2020-07-23 22:30:00",30.0114285714286
"3514","STRT",2020-07-23 22:45:00,1391.03672831878,61.7263636363636,"2020-07-23 22:45:00",30.0214285714286
"3515","STRT",2020-07-23 23:00:00,1391.03672831878,61.8709090909091,"2020-07-23 23:00:00",30.0528571428571
"3516","STRT",2020-07-23 23:15:00,1392.48146303912,61.93,"2020-07-23 23:15:00",30.055
"3517","STRT",2020-07-23 23:30:00,1386.70252415788,61.8636363636364,"2020-07-23 23:30:00",30.0592857142857
"3518","STRT",2020-07-23 23:45:00,1386.70252415788,61.93,"2020-07-23 23:45:00",30.0657142857143
"3519","STRT",2020-07-24 00:00:00,1380.92358527664,62.1818181818182,"2020-07-24 00:00:00",30.08
"3520","STRT",2020-07-24 00:15:00,1393.92619775946,62.2927272727273,"2020-07-24 00:15:00",30.0692857142857
"3521","STRT",2020-07-24 00:30:00,1386.70252415788,62.2672727272727,"2020-07-24 00:30:00",30.07
"3522","STRT",2020-07-24 00:45:00,1385.25778943754,62.2972727272727,"2020-07-24 00:45:00",30.0971428571429
"3523","STRT",2020-07-24 01:00:00,1378.03411583597,62.2927272727273,"2020-07-24 01:00:00",30.115
"3524","STRT",2020-07-24 01:15:00,1383.81305471726,62.2863636363636,"2020-07-24 01:15:00",30.1235714285714
"3525","STRT",2020-07-24 01:30:00,1376.58938111569,62.4045454545455,"2020-07-24 01:30:00",30.1214285714286
"3526","STRT",2020-07-24 01:45:00,1376.58938111569,62.3545454545455,"2020-07-24 01:45:00",30.1235714285714
"3527","STRT",2020-07-24 02:00:00,1378.03411583597,62.4154545454545,"2020-07-24 02:00:00",30.1014285714286
"3528","STRT",2020-07-24 02:15:00,1380.92358527664,62.2763636363636,"2020-07-24 02:15:00",30.1571428571429
"3529","STRT",2020-07-24 02:30:00,1378.03411583597,62.2518181818182,"2020-07-24 02:30:00",30.1007142857143
"3530","STRT",2020-07-24 02:45:00,1380.92358527664,62.1063636363636,"2020-07-24 02:45:00",30.1264285714286
"3531","STRT",2020-07-24 03:00:00,1383.81305471726,62.1427272727273,"2020-07-24 03:00:00",30.1428571428571
"3532","STRT",2020-07-24 03:15:00,1376.58938111569,62.4545454545455,"2020-07-24 03:15:00",30.1471428571429
"3533","STRT",2020-07-24 03:30:00,1382.36831999692,62.43,"2020-07-24 03:30:00",30.1392857142857
"3534","STRT",2020-07-24 03:45:00,1378.03411583597,62.5490909090909,"2020-07-24 03:45:00",30.1221428571429
"3535","STRT",2020-07-24 04:00:00,1383.81305471726,62.3281818181818,"2020-07-24 04:00:00",30.1542857142857
"3536","STRT",2020-07-24 04:15:00,1373.69991167507,62.5354545454545,"2020-07-24 04:15:00",30.1735714285714
"3537","STRT",2020-07-24 04:30:00,1382.36831999692,62.5690909090909,"2020-07-24 04:30:00",30.1678571428571
"3538","STRT",2020-07-24 04:45:00,1383.81305471726,62.6827272727273,"2020-07-24 04:45:00",30.18
"3539","STRT",2020-07-24 05:00:00,1380.92358527664,62.7790909090909,"2020-07-24 05:00:00",30.1814285714286
"3540","STRT",2020-07-24 05:15:00,1380.92358527664,62.7518181818182,"2020-07-24 05:15:00",30.1728571428571
"3541","STRT",2020-07-24 05:30:00,1382.36831999692,62.8036363636364,"2020-07-24 05:30:00",30.175
"3542","STRT",2020-07-24 05:45:00,1388.14725887822,62.7454545454545,"2020-07-24 05:45:00",30.2085714285714
"3543","STRT",2020-07-24 06:00:00,1386.70252415788,62.8118181818182,"2020-07-24 06:00:00",30.23
"3544","STRT",2020-07-24 06:15:00,1396.81566720008,62.8663636363636,"2020-07-24 06:15:00",30.2114285714286
"3545","STRT",2020-07-24 06:30:00,1389.5919935985,63.0045454545455,"2020-07-24 06:30:00",30.2192857142857
"3546","STRT",2020-07-24 06:45:00,1388.14725887822,62.91,"2020-07-24 06:45:00",30.2171428571429
"3547","STRT",2020-07-24 07:00:00,1382.36831999692,62.9072727272727,"2020-07-24 07:00:00",30.2442857142857
"3548","STRT",2020-07-24 07:15:00,1391.03672831878,63.0536363636364,"2020-07-24 07:15:00",30.2571428571429
"3549","STRT",2020-07-24 07:30:00,1393.92619775946,63.0172727272727,"2020-07-24 07:30:00",30.2642857142857
"3550","STRT",2020-07-24 07:45:00,1389.5919935985,63.0481818181818,"2020-07-24 07:45:00",30.2742857142857
"3551","STRT",2020-07-24 08:00:00,1388.14725887822,63.0281818181818,"2020-07-24 08:00:00",30.275
"3552","STRT",2020-07-24 08:15:00,1383.81305471726,63.1236363636364,"2020-07-24 08:15:00",30.3042857142857
"3553","STRT",2020-07-24 08:30:00,1382.36831999692,63.0736363636364,"2020-07-24 08:30:00",30.3178571428571
"3554","STRT",2020-07-24 08:45:00,1388.14725887822,63.0136363636364,"2020-07-24 08:45:00",30.3271428571429
"3555","STRT",2020-07-24 09:00:00,1378.03411583597,62.8127272727273,"2020-07-24 09:00:00",30.3235714285714
"3556","STRT",2020-07-24 09:15:00,1380.92358527664,62.6954545454545,"2020-07-24 09:15:00",30.3371428571429
"3557","STRT",2020-07-24 09:30:00,1385.25778943754,62.7518181818182,"2020-07-24 09:30:00",30.3471428571429
"3558","STRT",2020-07-24 09:45:00,1391.03672831878,62.6536363636364,"2020-07-24 09:45:00",30.3378571428571
"3559","STRT",2020-07-24 10:00:00,1383.81305471726,62.6354545454545,"2020-07-24 10:00:00",30.37
"3560","STRT",2020-07-24 10:15:00,1392.48146303912,62.5054545454545,"2020-07-24 10:15:00",30.3664285714286
"3561","STRT",2020-07-24 10:30:00,1386.70252415788,62.52,"2020-07-24 10:30:00",30.35
"3562","STRT",2020-07-24 10:45:00,1386.70252415788,62.4545454545455,"2020-07-24 10:45:00",30.3585714285714
"3563","STRT",2020-07-24 11:00:00,1375.14464639535,62.3845454545455,"2020-07-24 11:00:00",30.3621428571429
"3564","STRT",2020-07-24 11:15:00,1380.92358527664,62.3027272727273,"2020-07-24 11:15:00",30.3492857142857
"3565","STRT",2020-07-24 11:30:00,1375.14464639535,62.3454545454545,"2020-07-24 11:30:00",30.3671428571429
"3566","STRT",2020-07-24 11:45:00,1375.14464639535,62.1236363636364,"2020-07-24 11:45:00",30.3785714285714
"3567","STRT",2020-07-24 12:00:00,1391.03672831878,62.0181818181818,"2020-07-24 12:00:00",30.3864285714286
"3568","STRT",2020-07-24 12:15:00,1378.03411583597,62.0472727272727,"2020-07-24 12:15:00",30.3857142857143
"3569","STRT",2020-07-24 12:30:00,1389.5919935985,61.8472727272727,"2020-07-24 12:30:00",30.3821428571429
"3570","STRT",2020-07-24 12:45:00,1378.03411583597,61.9372727272727,"2020-07-24 12:45:00",30.3807142857143
"3571","STRT",2020-07-24 13:00:00,1376.58938111569,61.7781818181818,"2020-07-24 13:00:00",30.3957142857143
"3572","STRT",2020-07-24 13:15:00,1382.36831999692,61.7181818181818,"2020-07-24 13:15:00",30.3985714285714
"3573","STRT",2020-07-24 13:30:00,1388.14725887822,61.6536363636364,"2020-07-24 13:30:00",30.4021428571429
"3574","STRT",2020-07-24 13:45:00,1382.36831999692,61.5690909090909,"2020-07-24 13:45:00",30.4057142857143
"3575","STRT",2020-07-24 14:00:00,1385.25778943754,61.5727272727273,"2020-07-24 14:00:00",30.4107142857143
"3576","STRT",2020-07-24 14:15:00,1376.58938111569,61.4563636363636,"2020-07-24 14:15:00",30.4192857142857
"3577","STRT",2020-07-24 14:30:00,1383.81305471726,61.2863636363636,"2020-07-24 14:30:00",30.4478571428571
"3578","STRT",2020-07-24 14:45:00,1385.25778943754,61.1863636363636,"2020-07-24 14:45:00",30.4678571428571
"3579","STRT",2020-07-24 15:00:00,1385.25778943754,61.0636363636364,"2020-07-24 15:00:00",30.4728571428571
"3580","STRT",2020-07-24 15:15:00,1382.36831999692,60.9409090909091,"2020-07-24 15:15:00",30.4928571428571
"3581","STRT",2020-07-24 15:30:00,1382.36831999692,60.8818181818182,"2020-07-24 15:30:00",30.51
"3582","STRT",2020-07-24 15:45:00,1378.03411583597,60.7709090909091,"2020-07-24 15:45:00",30.495
"3583","STRT",2020-07-24 16:00:00,1379.4788505563,60.6672727272727,"2020-07-24 16:00:00",30.5307142857143
"3584","STRT",2020-07-24 16:15:00,1385.25778943754,60.5036363636364,"2020-07-24 16:15:00",30.5457142857143
"3585","STRT",2020-07-24 16:30:00,1369.36570751411,60.3218181818182,"2020-07-24 16:30:00",30.5114285714286
"3586","STRT",2020-07-24 16:45:00,1379.4788505563,60.2390909090909,"2020-07-24 16:45:00",30.5214285714286
"3587","STRT",2020-07-24 17:00:00,1372.25517695473,60.1418181818182,"2020-07-24 17:00:00",30.5292857142857
"3588","STRT",2020-07-24 17:15:00,1375.14464639535,59.9481818181818,"2020-07-24 17:15:00",30.5285714285714
"3589","STRT",2020-07-24 17:30:00,1373.69991167507,59.8590909090909,"2020-07-24 17:30:00",30.5457142857143
"3590","STRT",2020-07-24 17:45:00,1380.92358527664,59.7754545454545,"2020-07-24 17:45:00",30.5392857142857
"3591","STRT",2020-07-24 18:00:00,1373.69991167507,59.63,"2020-07-24 18:00:00",30.5778571428571
"3592","STRT",2020-07-24 18:15:00,1373.69991167507,59.3972727272727,"2020-07-24 18:15:00",30.5564285714286
"3593","STRT",2020-07-24 18:30:00,1376.58938111569,59.4727272727273,"2020-07-24 18:30:00",30.5828571428571
"3594","STRT",2020-07-24 18:45:00,1379.4788505563,59.3890909090909,"2020-07-24 18:45:00",30.5678571428571
"3595","STRT",2020-07-24 19:00:00,1378.03411583597,59.3690909090909,"2020-07-24 19:00:00",30.5535714285714
"3596","STRT",2020-07-24 19:15:00,1372.25517695473,59.3190909090909,"2020-07-24 19:15:00",30.5935714285714
"3597","STRT",2020-07-24 19:30:00,1376.58938111569,59.3,"2020-07-24 19:30:00",30.5828571428571
"3598","STRT",2020-07-24 19:45:00,1386.70252415788,59.2881818181818,"2020-07-24 19:45:00",30.5892857142857
"3599","STRT",2020-07-24 20:00:00,1379.4788505563,59.2281818181818,"2020-07-24 20:00:00",30.595
"3600","STRT",2020-07-24 20:15:00,1380.92358527664,59.22,"2020-07-24 20:15:00",30.6007142857143
"3601","STRT",2020-07-24 20:30:00,1373.69991167507,59.1254545454545,"2020-07-24 20:30:00",30.605
"3602","STRT",2020-07-24 20:45:00,1378.03411583597,59.0590909090909,"2020-07-24 20:45:00",30.6171428571429
"3603","STRT",2020-07-24 21:00:00,1380.92358527664,59.1,"2020-07-24 21:00:00",30.6071428571429
"3604","STRT",2020-07-24 21:15:00,1370.81044223445,59.1754545454545,"2020-07-24 21:15:00",30.6185714285714
"3605","STRT",2020-07-24 21:30:00,1373.69991167507,59.1245454545455,"2020-07-24 21:30:00",30.6235714285714
"3606","STRT",2020-07-24 21:45:00,1378.03411583597,59.25,"2020-07-24 21:45:00",30.6292857142857
"3607","STRT",2020-07-24 22:00:00,1379.4788505563,59.24,"2020-07-24 22:00:00",30.6064285714286
"3608","STRT",2020-07-24 22:15:00,1380.92358527664,59.2127272727273,"2020-07-24 22:15:00",30.6014285714286
"3609","STRT",2020-07-24 22:30:00,1376.58938111569,59.23,"2020-07-24 22:30:00",30.6092857142857
"3610","STRT",2020-07-24 22:45:00,1370.81044223445,59.1745454545455,"2020-07-24 22:45:00",30.5914285714286
"3611","STRT",2020-07-24 23:00:00,1379.4788505563,59.3527272727273,"2020-07-24 23:00:00",30.6107142857143
"3612","STRT",2020-07-24 23:15:00,1375.14464639535,59.3018181818182,"2020-07-24 23:15:00",30.6221428571429
"3613","STRT",2020-07-24 23:30:00,1376.58938111569,58.7472727272727,"2020-07-24 23:30:00",30.61
"3614","STRT",2020-07-24 23:45:00,1375.14464639535,59.2654545454545,"2020-07-24 23:45:00",30.5942857142857
"3615","STRT",2020-07-25 00:00:00,1373.69991167507,59.3563636363636,"2020-07-25 00:00:00",30.59
"3616","STRT",2020-07-25 00:15:00,1370.81044223445,59.3563636363636,"2020-07-25 00:15:00",30.5992857142857
"3617","STRT",2020-07-25 00:30:00,1375.14464639535,59.2127272727273,"2020-07-25 00:30:00",30.5807142857143
"3618","STRT",2020-07-25 00:45:00,1375.14464639535,59.42,"2020-07-25 00:45:00",30.5928571428571
"3619","STRT",2020-07-25 01:00:00,1369.36570751411,59.5290909090909,"2020-07-25 01:00:00",30.5828571428571
"3620","STRT",2020-07-25 01:15:00,1372.25517695473,59.5136363636364,"2020-07-25 01:15:00",30.5878571428571
"3621","STRT",2020-07-25 01:30:00,1362.14203391253,59.5236363636364,"2020-07-25 01:30:00",30.6121428571429
"3622","STRT",2020-07-25 01:45:00,1369.36570751411,59.5836363636364,"2020-07-25 01:45:00",30.6071428571429
"3623","STRT",2020-07-25 02:00:00,1369.36570751411,59.6109090909091,"2020-07-25 02:00:00",30.6157142857143
"3624","STRT",2020-07-25 02:15:00,1372.25517695473,59.7445454545455,"2020-07-25 02:15:00",30.6314285714286
"3625","STRT",2020-07-25 02:30:00,1369.36570751411,59.6354545454545,"2020-07-25 02:30:00",30.6235714285714
"3626","STRT",2020-07-25 02:45:00,1372.25517695473,59.8454545454545,"2020-07-25 02:45:00",30.615
"3627","STRT",2020-07-25 03:00:00,1376.58938111569,59.7354545454545,"2020-07-25 03:00:00",30.6071428571429
"3628","STRT",2020-07-25 03:15:00,1366.47623807349,59.84,"2020-07-25 03:15:00",30.62
"3629","STRT",2020-07-25 03:30:00,1370.81044223445,59.8654545454545,"2020-07-25 03:30:00",30.5971428571429
"3630","STRT",2020-07-25 03:45:00,1372.25517695473,59.9618181818182,"2020-07-25 03:45:00",30.5992857142857
"3631","STRT",2020-07-25 04:00:00,1366.47623807349,59.9854545454545,"2020-07-25 04:00:00",30.6092857142857
"3632","STRT",2020-07-25 04:15:00,1369.36570751411,60.0363636363636,"2020-07-25 04:15:00",30.5914285714286
"3633","STRT",2020-07-25 04:30:00,1375.14464639535,60.1181818181818,"2020-07-25 04:30:00",30.575
"3634","STRT",2020-07-25 04:45:00,1372.25517695473,60.18,"2020-07-25 04:45:00",30.5771428571429
"3635","STRT",2020-07-25 05:00:00,1366.47623807349,60.2127272727273,"2020-07-25 05:00:00",30.5685714285714
"3636","STRT",2020-07-25 05:15:00,1373.69991167507,60.0718181818182,"2020-07-25 05:15:00",30.56
"3637","STRT",2020-07-25 05:30:00,1367.92097279377,60.1063636363636,"2020-07-25 05:30:00",30.5871428571429
"3638","STRT",2020-07-25 05:45:00,1369.36570751411,60.18,"2020-07-25 05:45:00",30.5957142857143
"3639","STRT",2020-07-25 06:00:00,1367.92097279377,60.3245454545455,"2020-07-25 06:00:00",30.61
"3640","STRT",2020-07-25 06:15:00,1373.69991167507,60.3363636363636,"2020-07-25 06:15:00",30.5692857142857
"3641","STRT",2020-07-25 06:30:00,1365.03150335321,60.3554545454545,"2020-07-25 06:30:00",30.5707142857143
"3642","STRT",2020-07-25 06:45:00,1372.25517695473,60.3863636363636,"2020-07-25 06:45:00",30.5457142857143
"3643","STRT",2020-07-25 07:00:00,1369.36570751411,60.3618181818182,"2020-07-25 07:00:00",30.5757142857143
"3644","STRT",2020-07-25 07:15:00,1369.36570751411,60.5127272727273,"2020-07-25 07:15:00",30.5742857142857
"3645","STRT",2020-07-25 07:30:00,1367.92097279377,60.5090909090909,"2020-07-25 07:30:00",30.555
"3646","STRT",2020-07-25 07:45:00,1369.36570751411,60.5818181818182,"2020-07-25 07:45:00",30.5285714285714
"3647","STRT",2020-07-25 08:00:00,1369.36570751411,60.5990909090909,"2020-07-25 08:00:00",30.5214285714286
"3648","STRT",2020-07-25 08:15:00,1367.92097279377,60.7018181818182,"2020-07-25 08:15:00",30.5357142857143
"3649","STRT",2020-07-25 08:30:00,1370.81044223445,60.6990909090909,"2020-07-25 08:30:00",30.5057142857143
"3650","STRT",2020-07-25 08:45:00,1369.36570751411,60.73,"2020-07-25 08:45:00",30.5235714285714
"3651","STRT",2020-07-25 09:00:00,1365.03150335321,60.8090909090909,"2020-07-25 09:00:00",30.5121428571429
"3652","STRT",2020-07-25 09:15:00,1367.92097279377,60.8863636363636,"2020-07-25 09:15:00",30.4907142857143
"3653","STRT",2020-07-25 09:30:00,1365.03150335321,60.9372727272727,"2020-07-25 09:30:00",30.4992857142857
"3654","STRT",2020-07-25 09:45:00,1369.36570751411,61.0236363636364,"2020-07-25 09:45:00",30.5021428571429
"3655","STRT",2020-07-25 10:00:00,1370.81044223445,61.0190909090909,"2020-07-25 10:00:00",30.5
"3656","STRT",2020-07-25 10:15:00,1366.47623807349,60.9418181818182,"2020-07-25 10:15:00",30.485
"3657","STRT",2020-07-25 10:30:00,1373.69991167507,60.8227272727273,"2020-07-25 10:30:00",30.4785714285714
"3658","STRT",2020-07-25 10:45:00,1382.36831999692,60.7918181818182,"2020-07-25 10:45:00",30.485
"3659","STRT",2020-07-25 11:00:00,1365.03150335321,60.6072727272727,"2020-07-25 11:00:00",30.4714285714286
"3660","STRT",2020-07-25 11:15:00,1370.81044223445,60.5254545454545,"2020-07-25 11:15:00",30.4557142857143
"3661","STRT",2020-07-25 11:30:00,1366.47623807349,60.3918181818182,"2020-07-25 11:30:00",30.4578571428571
"3662","STRT",2020-07-25 11:45:00,1369.36570751411,59.5590909090909,"2020-07-25 11:45:00",30.445
"3663","STRT",2020-07-25 12:00:00,1367.92097279377,60.1427272727273,"2020-07-25 12:00:00",30.4471428571429
"3664","STRT",2020-07-25 12:15:00,1373.69991167507,60.1163636363636,"2020-07-25 12:15:00",30.4207142857143
"3665","STRT",2020-07-25 12:30:00,1366.47623807349,60.2318181818182,"2020-07-25 12:30:00",30.4464285714286
"3666","STRT",2020-07-25 12:45:00,1375.14464639535,60.2518181818182,"2020-07-25 12:45:00",30.4314285714286
"3667","STRT",2020-07-25 13:00:00,1370.81044223445,60.0936363636364,"2020-07-25 13:00:00",30.4392857142857
"3668","STRT",2020-07-25 13:15:00,1370.81044223445,59.4890909090909,"2020-07-25 13:15:00",30.4242857142857
"3669","STRT",2020-07-25 13:30:00,1366.47623807349,59.2654545454545,"2020-07-25 13:30:00",30.4135714285714
"3670","STRT",2020-07-25 13:45:00,1373.69991167507,59.0036363636364,"2020-07-25 13:45:00",30.4228571428571
"3671","STRT",2020-07-25 14:00:00,1367.92097279377,58.7872727272727,"2020-07-25 14:00:00",30.4192857142857
"3672","STRT",2020-07-25 14:15:00,1357.80782975157,58.68,"2020-07-25 14:15:00",30.4271428571429
"3673","STRT",2020-07-25 14:30:00,1366.47623807349,58.2972727272727,"2020-07-25 14:30:00",30.43
"3674","STRT",2020-07-25 14:45:00,1369.36570751411,58.0272727272727,"2020-07-25 14:45:00",30.4207142857143
"3675","STRT",2020-07-25 15:00:00,1365.03150335321,57.8736363636364,"2020-07-25 15:00:00",30.4264285714286
"3676","STRT",2020-07-25 15:15:00,1370.81044223445,57.9209090909091,"2020-07-25 15:15:00",30.44
"3677","STRT",2020-07-25 15:30:00,1366.47623807349,57.8227272727273,"2020-07-25 15:30:00",30.4635714285714
"3678","STRT",2020-07-25 15:45:00,1367.92097279377,57.7818181818182,"2020-07-25 15:45:00",30.4607142857143
"3679","STRT",2020-07-25 16:00:00,1370.81044223445,57.73,"2020-07-25 16:00:00",30.4478571428571
"3680","STRT",2020-07-25 16:15:00,1370.81044223445,57.6527272727273,"2020-07-25 16:15:00",30.4535714285714
"3681","STRT",2020-07-25 16:30:00,1369.36570751411,57.4781818181818,"2020-07-25 16:30:00",30.4607142857143
"3682","STRT",2020-07-25 16:45:00,1373.69991167507,57.4290909090909,"2020-07-25 16:45:00",30.4614285714286
"3683","STRT",2020-07-25 17:00:00,1365.03150335321,57.3081818181818,"2020-07-25 17:00:00",30.4592857142857
"3684","STRT",2020-07-25 17:15:00,1366.47623807349,57.32,"2020-07-25 17:15:00",30.4878571428571
"3685","STRT",2020-07-25 17:30:00,1372.25517695473,57.3236363636364,"2020-07-25 17:30:00",30.4828571428571
"3686","STRT",2020-07-25 17:45:00,1370.81044223445,57.2663636363636,"2020-07-25 17:45:00",30.4764285714286
"3687","STRT",2020-07-25 18:00:00,1366.47623807349,57.1736363636364,"2020-07-25 18:00:00",30.4771428571429
"3688","STRT",2020-07-25 18:15:00,1375.14464639535,57.0454545454545,"2020-07-25 18:15:00",30.4864285714286
"3689","STRT",2020-07-25 18:30:00,1375.14464639535,56.9590909090909,"2020-07-25 18:30:00",30.4721428571429
"3690","STRT",2020-07-25 18:45:00,1365.03150335321,56.8836363636364,"2020-07-25 18:45:00",30.4871428571429
"3691","STRT",2020-07-25 19:00:00,1365.03150335321,56.9227272727273,"2020-07-25 19:00:00",30.4878571428571
"3692","STRT",2020-07-25 19:15:00,1366.47623807349,56.9081818181818,"2020-07-25 19:15:00",30.5014285714286
"3693","STRT",2020-07-25 19:30:00,1379.4788505563,56.9109090909091,"2020-07-25 19:30:00",30.5028571428571
"3694","STRT",2020-07-25 19:45:00,1356.36309503129,56.9172727272727,"2020-07-25 19:45:00",30.5178571428571
"3695","STRT",2020-07-25 20:00:00,1360.69729919225,56.8936363636364,"2020-07-25 20:00:00",30.5114285714286
"3696","STRT",2020-07-25 20:15:00,1365.03150335321,56.8209090909091,"2020-07-25 20:15:00",30.5021428571429
"3697","STRT",2020-07-25 20:30:00,1360.69729919225,56.89,"2020-07-25 20:30:00",30.5185714285714
"3698","STRT",2020-07-25 20:45:00,1366.47623807349,56.9690909090909,"2020-07-25 20:45:00",30.5407142857143
"3699","STRT",2020-07-25 21:00:00,1359.25256447191,57.0472727272727,"2020-07-25 21:00:00",30.5228571428571
"3700","STRT",2020-07-25 21:15:00,1363.58676863287,57.1118181818182,"2020-07-25 21:15:00",30.5707142857143
"3701","STRT",2020-07-25 21:30:00,1362.14203391253,57.1981818181818,"2020-07-25 21:30:00",30.5478571428571
"3702","STRT",2020-07-25 21:45:00,1362.14203391253,57.2045454545455,"2020-07-25 21:45:00",30.5514285714286
"3703","STRT",2020-07-25 22:00:00,1363.58676863287,57.3027272727273,"2020-07-25 22:00:00",30.5428571428571
"3704","STRT",2020-07-25 22:15:00,1363.58676863287,57.3845454545455,"2020-07-25 22:15:00",30.5642857142857
"3705","STRT",2020-07-25 22:30:00,1359.25256447191,57.2118181818182,"2020-07-25 22:30:00",30.56
"3706","STRT",2020-07-25 22:45:00,1357.80782975157,57.4354545454545,"2020-07-25 22:45:00",30.5685714285714
"3707","STRT",2020-07-25 23:00:00,1362.14203391253,57.63,"2020-07-25 23:00:00",30.58
"3708","STRT",2020-07-25 23:15:00,1353.47362559068,57.7255555555556,"2020-07-25 23:15:00",30.5864285714286
"3709","STRT",2020-07-25 23:30:00,1353.47362559068,57.7109090909091,"2020-07-25 23:30:00",30.5814285714286
"3710","STRT",2020-07-25 23:45:00,1359.25256447191,57.74,"2020-07-25 23:45:00",30.5907142857143
"NA",NA,NA,NA,NA,NA,NA
